Server_Name,NumOfSocket,CPU_Type,CPU_Clock(GHz),CPU_Cores,CPU_Threads,CPU_Mem(GB),CPU_L3_Cache(MB),GPU_Type,GPU_Clock(GHz),NumOfSM,SP/SM,GPU_Mem(GB),Available_GPU_Mem(GB),GPU_L2_Cache(MB),CC,NumOfCE,PCIe,Total_Workload,Initial_GPU_Workload,CPU/GPU_Workload_Ratio,Exe_Time
fatnode,2,Intel,2.6,16,32,64,20,K20,0.71,13,192,4.8,2,1.25,3.5,2,6.2,17000,1000,0.25,4502185511.72
fatnode,2,Intel,2.6,16,32,64,20,K20,0.71,13,192,4.8,2,1.25,3.5,2,6.2,17000,1000,0.5,4497746853.97
fatnode,2,Intel,2.6,16,32,64,20,K20,0.71,13,192,4.8,2,1.25,3.5,2,6.2,17000,1000,1,4470417221.83
fatnode,2,Intel,2.6,16,32,64,20,K20,0.71,13,192,4.8,2,1.25,3.5,2,6.2,17000,1000,1.25,4471233078.53
fatnode,2,Intel,2.6,16,32,64,20,K20,0.71,13,192,4.8,2,1.25,3.5,2,6.2,17000,1000,1.5,4463179478.86
fatnode,2,Intel,2.6,16,32,64,20,K20,0.71,13,192,4.8,2,1.25,3.5,2,6.2,17000,1000,1.75,4432411118.75
fatnode,2,Intel,2.6,16,32,64,20,K20,0.71,13,192,4.8,2,1.25,3.5,2,6.2,17000,1000,2,4522394299.58
fatnode,2,Intel,2.6,16,32,64,20,K20,0.71,13,192,4.8,2,1.25,3.5,2,6.2,17000,2000,0.25,4776796036.97
fatnode,2,Intel,2.6,16,32,64,20,K20,0.71,13,192,4.8,2,1.25,3.5,2,6.2,17000,2000,0.5,4766256426.08
fatnode,2,Intel,2.6,16,32,64,20,K20,0.71,13,192,4.8,2,1.25,3.5,2,6.2,17000,2000,1,4737584539.56
fatnode,2,Intel,2.6,16,32,64,20,K20,0.71,13,192,4.8,2,1.25,3.5,2,6.2,17000,2000,1.25,4435559752.28
fatnode,2,Intel,2.6,16,32,64,20,K20,0.71,13,192,4.8,2,1.25,3.5,2,6.2,17000,2000,1.5,4724106993.86
fatnode,2,Intel,2.6,16,32,64,20,K20,0.71,13,192,4.8,2,1.25,3.5,2,6.2,17000,2000,1.75,4218711394.94
fatnode,2,Intel,2.6,16,32,64,20,K20,0.71,13,192,4.8,2,1.25,3.5,2,6.2,17000,2000,2,3578156361.47
fatnode,2,Intel,2.6,16,32,64,20,K20,0.71,13,192,4.8,2,1.25,3.5,2,6.2,17000,4000,0.25,4496731527.11
fatnode,2,Intel,2.6,16,32,64,20,K20,0.71,13,192,4.8,2,1.25,3.5,2,6.2,17000,4000,0.5,4494344177.50
fatnode,2,Intel,2.6,16,32,64,20,K20,0.71,13,192,4.8,2,1.25,3.5,2,6.2,17000,4000,1,4476645147.72
fatnode,2,Intel,2.6,16,32,64,20,K20,0.71,13,192,4.8,2,1.25,3.5,2,6.2,17000,4000,1.25,4465310532.42
fatnode,2,Intel,2.6,16,32,64,20,K20,0.71,13,192,4.8,2,1.25,3.5,2,6.2,17000,4000,1.5,4469380077.39
fatnode,2,Intel,2.6,16,32,64,20,K20,0.71,13,192,4.8,2,1.25,3.5,2,6.2,17000,4000,1.75,4469691512.36
fatnode,2,Intel,2.6,16,32,64,20,K20,0.71,13,192,4.8,2,1.25,3.5,2,6.2,17000,4000,2,4462297932.64
fatnode,2,Intel,2.6,16,32,64,20,K20,0.71,13,192,4.8,2,1.25,3.5,2,6.2,17000,6000,0.25,5798709375.17
fatnode,2,Intel,2.6,16,32,64,20,K20,0.71,13,192,4.8,2,1.25,3.5,2,6.2,17000,6000,0.5,5785766903.08
fatnode,2,Intel,2.6,16,32,64,20,K20,0.71,13,192,4.8,2,1.25,3.5,2,6.2,17000,6000,1,5780907830.31
fatnode,2,Intel,2.6,16,32,64,20,K20,0.71,13,192,4.8,2,1.25,3.5,2,6.2,17000,6000,1.25,5782092200.31
fatnode,2,Intel,2.6,16,32,64,20,K20,0.71,13,192,4.8,2,1.25,3.5,2,6.2,17000,6000,1.5,5773390622.72
fatnode,2,Intel,2.6,16,32,64,20,K20,0.71,13,192,4.8,2,1.25,3.5,2,6.2,17000,6000,1.75,5775330133.50
fatnode,2,Intel,2.6,16,32,64,20,K20,0.71,13,192,4.8,2,1.25,3.5,2,6.2,17000,6000,2,5769146302.67
fatnode,2,Intel,2.6,16,32,64,20,K20,0.71,13,192,4.8,2,1.25,3.5,2,6.2,17000,8000,0.25,7128256395.75
fatnode,2,Intel,2.6,16,32,64,20,K20,0.71,13,192,4.8,2,1.25,3.5,2,6.2,17000,8000,0.5,7104786555.75
fatnode,2,Intel,2.6,16,32,64,20,K20,0.71,13,192,4.8,2,1.25,3.5,2,6.2,17000,8000,1,7094519210.36
fatnode,2,Intel,2.6,16,32,64,20,K20,0.71,13,192,4.8,2,1.25,3.5,2,6.2,17000,8000,1.25,7084641132.58
fatnode,2,Intel,2.6,16,32,64,20,K20,0.71,13,192,4.8,2,1.25,3.5,2,6.2,17000,8000,1.5,7090510468.53
fatnode,2,Intel,2.6,16,32,64,20,K20,0.71,13,192,4.8,2,1.25,3.5,2,6.2,17000,8000,1.75,7088926650.64
fatnode,2,Intel,2.6,16,32,64,20,K20,0.71,13,192,4.8,2,1.25,3.5,2,6.2,17000,8000,2,7086708692.25
fatnode,2,Intel,2.6,16,32,64,20,K20,0.71,13,192,4.8,2,1.25,3.5,2,6.2,18000,1000,0.25,4887063618.58
fatnode,2,Intel,2.6,16,32,64,20,K20,0.71,13,192,4.8,2,1.25,3.5,2,6.2,18000,1000,0.5,4875327889.03
fatnode,2,Intel,2.6,16,32,64,20,K20,0.71,13,192,4.8,2,1.25,3.5,2,6.2,18000,1000,1,4833541684.14
fatnode,2,Intel,2.6,16,32,64,20,K20,0.71,13,192,4.8,2,1.25,3.5,2,6.2,18000,1000,1.25,4842267756.44
fatnode,2,Intel,2.6,16,32,64,20,K20,0.71,13,192,4.8,2,1.25,3.5,2,6.2,18000,1000,1.5,4391570274.31
fatnode,2,Intel,2.6,16,32,64,20,K20,0.71,13,192,4.8,2,1.25,3.5,2,6.2,18000,1000,1.75,4803603055.06
fatnode,2,Intel,2.6,16,32,64,20,K20,0.71,13,192,4.8,2,1.25,3.5,2,6.2,18000,1000,2,4414039740.81
fatnode,2,Intel,2.6,16,32,64,20,K20,0.71,13,192,4.8,2,1.25,3.5,2,6.2,18000,2000,0.25,5167814605.03
fatnode,2,Intel,2.6,16,32,64,20,K20,0.71,13,192,4.8,2,1.25,3.5,2,6.2,18000,2000,0.5,5131481741.36
fatnode,2,Intel,2.6,16,32,64,20,K20,0.71,13,192,4.8,2,1.25,3.5,2,6.2,18000,2000,1,5112889846.25
fatnode,2,Intel,2.6,16,32,64,20,K20,0.71,13,192,4.8,2,1.25,3.5,2,6.2,18000,2000,1.25,5125818358.67
fatnode,2,Intel,2.6,16,32,64,20,K20,0.71,13,192,4.8,2,1.25,3.5,2,6.2,18000,2000,1.5,5126313648.56
fatnode,2,Intel,2.6,16,32,64,20,K20,0.71,13,192,4.8,2,1.25,3.5,2,6.2,18000,2000,1.75,5126350296.06
fatnode,2,Intel,2.6,16,32,64,20,K20,0.71,13,192,4.8,2,1.25,3.5,2,6.2,18000,2000,2,4605879070.14
fatnode,2,Intel,2.6,16,32,64,20,K20,0.71,13,192,4.8,2,1.25,3.5,2,6.2,18000,4000,0.25,4861052412.03
fatnode,2,Intel,2.6,16,32,64,20,K20,0.71,13,192,4.8,2,1.25,3.5,2,6.2,18000,4000,0.5,4865409990.03
fatnode,2,Intel,2.6,16,32,64,20,K20,0.71,13,192,4.8,2,1.25,3.5,2,6.2,18000,4000,1,4848858735.36
fatnode,2,Intel,2.6,16,32,64,20,K20,0.71,13,192,4.8,2,1.25,3.5,2,6.2,18000,4000,1.25,4843185405.72
fatnode,2,Intel,2.6,16,32,64,20,K20,0.71,13,192,4.8,2,1.25,3.5,2,6.2,18000,4000,1.5,4847932770.17
fatnode,2,Intel,2.6,16,32,64,20,K20,0.71,13,192,4.8,2,1.25,3.5,2,6.2,18000,4000,1.75,4849066220.44
fatnode,2,Intel,2.6,16,32,64,20,K20,0.71,13,192,4.8,2,1.25,3.5,2,6.2,18000,4000,2,4845798322.39
fatnode,2,Intel,2.6,16,32,64,20,K20,0.71,13,192,4.8,2,1.25,3.5,2,6.2,18000,6000,0.25,6245306891.81
fatnode,2,Intel,2.6,16,32,64,20,K20,0.71,13,192,4.8,2,1.25,3.5,2,6.2,18000,6000,0.5,6240550299.92
fatnode,2,Intel,2.6,16,32,64,20,K20,0.71,13,192,4.8,2,1.25,3.5,2,6.2,18000,6000,1,6236112322.67
fatnode,2,Intel,2.6,16,32,64,20,K20,0.71,13,192,4.8,2,1.25,3.5,2,6.2,18000,6000,1.25,6231892964.25
fatnode,2,Intel,2.6,16,32,64,20,K20,0.71,13,192,4.8,2,1.25,3.5,2,6.2,18000,6000,1.5,6236409641.81
fatnode,2,Intel,2.6,16,32,64,20,K20,0.71,13,192,4.8,2,1.25,3.5,2,6.2,18000,6000,1.75,6232293651.53
fatnode,2,Intel,2.6,16,32,64,20,K20,0.71,13,192,4.8,2,1.25,3.5,2,6.2,18000,6000,2,6222845897.81
fatnode,2,Intel,2.6,16,32,64,20,K20,0.71,13,192,4.8,2,1.25,3.5,2,6.2,18000,8000,0.25,7658506855.22
fatnode,2,Intel,2.6,16,32,64,20,K20,0.71,13,192,4.8,2,1.25,3.5,2,6.2,18000,8000,0.5,7636762579.81
fatnode,2,Intel,2.6,16,32,64,20,K20,0.71,13,192,4.8,2,1.25,3.5,2,6.2,18000,8000,1,7621340083.03
fatnode,2,Intel,2.6,16,32,64,20,K20,0.71,13,192,4.8,2,1.25,3.5,2,6.2,18000,8000,1.25,7615617846.44
fatnode,2,Intel,2.6,16,32,64,20,K20,0.71,13,192,4.8,2,1.25,3.5,2,6.2,18000,8000,1.5,7617482481.28
fatnode,2,Intel,2.6,16,32,64,20,K20,0.71,13,192,4.8,2,1.25,3.5,2,6.2,18000,8000,1.75,7623924067.03
fatnode,2,Intel,2.6,16,32,64,20,K20,0.71,13,192,4.8,2,1.25,3.5,2,6.2,18000,8000,2,7622433520.22
fatnode,2,Intel,2.6,16,32,64,20,K20,0.71,13,192,4.8,2,1.25,3.5,2,6.2,19000,1000,0.25,5265062970.42
fatnode,2,Intel,2.6,16,32,64,20,K20,0.71,13,192,4.8,2,1.25,3.5,2,6.2,19000,1000,0.5,5253012300.06
fatnode,2,Intel,2.6,16,32,64,20,K20,0.71,13,192,4.8,2,1.25,3.5,2,6.2,19000,1000,1,5223909937.22
fatnode,2,Intel,2.6,16,32,64,20,K20,0.71,13,192,4.8,2,1.25,3.5,2,6.2,19000,1000,1.25,5221684936.97
fatnode,2,Intel,2.6,16,32,64,20,K20,0.71,13,192,4.8,2,1.25,3.5,2,6.2,19000,1000,1.5,5218049511.00
fatnode,2,Intel,2.6,16,32,64,20,K20,0.71,13,192,4.8,2,1.25,3.5,2,6.2,19000,1000,1.75,5182084814.94
fatnode,2,Intel,2.6,16,32,64,20,K20,0.71,13,192,4.8,2,1.25,3.5,2,6.2,19000,1000,2,5235434529.06
fatnode,2,Intel,2.6,16,32,64,20,K20,0.71,13,192,4.8,2,1.25,3.5,2,6.2,19000,2000,0.25,5570057021.19
fatnode,2,Intel,2.6,16,32,64,20,K20,0.71,13,192,4.8,2,1.25,3.5,2,6.2,19000,2000,0.5,5534471961.17
fatnode,2,Intel,2.6,16,32,64,20,K20,0.71,13,192,4.8,2,1.25,3.5,2,6.2,19000,2000,1,5505639603.25
fatnode,2,Intel,2.6,16,32,64,20,K20,0.71,13,192,4.8,2,1.25,3.5,2,6.2,19000,2000,1.25,5521857993.67
fatnode,2,Intel,2.6,16,32,64,20,K20,0.71,13,192,4.8,2,1.25,3.5,2,6.2,19000,2000,1.5,5508963096.22
fatnode,2,Intel,2.6,16,32,64,20,K20,0.71,13,192,4.8,2,1.25,3.5,2,6.2,19000,2000,1.75,5529695092.33
fatnode,2,Intel,2.6,16,32,64,20,K20,0.71,13,192,4.8,2,1.25,3.5,2,6.2,19000,2000,2,5507499236.94
fatnode,2,Intel,2.6,16,32,64,20,K20,0.71,13,192,4.8,2,1.25,3.5,2,6.2,19000,4000,0.25,5260664377.17
fatnode,2,Intel,2.6,16,32,64,20,K20,0.71,13,192,4.8,2,1.25,3.5,2,6.2,19000,4000,0.5,5247256645.11
fatnode,2,Intel,2.6,16,32,64,20,K20,0.71,13,192,4.8,2,1.25,3.5,2,6.2,19000,4000,1,5231472266.58
fatnode,2,Intel,2.6,16,32,64,20,K20,0.71,13,192,4.8,2,1.25,3.5,2,6.2,19000,4000,1.25,5236872082.03
fatnode,2,Intel,2.6,16,32,64,20,K20,0.71,13,192,4.8,2,1.25,3.5,2,6.2,19000,4000,1.5,5235698125.28
fatnode,2,Intel,2.6,16,32,64,20,K20,0.71,13,192,4.8,2,1.25,3.5,2,6.2,19000,4000,1.75,5232239923.19
fatnode,2,Intel,2.6,16,32,64,20,K20,0.71,13,192,4.8,2,1.25,3.5,2,6.2,19000,4000,2,5241771619.89
fatnode,2,Intel,2.6,16,32,64,20,K20,0.71,13,192,4.8,2,1.25,3.5,2,6.2,19000,6000,0.25,6717542325.44
fatnode,2,Intel,2.6,16,32,64,20,K20,0.71,13,192,4.8,2,1.25,3.5,2,6.2,19000,6000,0.5,6707794095.36
fatnode,2,Intel,2.6,16,32,64,20,K20,0.71,13,192,4.8,2,1.25,3.5,2,6.2,19000,6000,1,6710352793.14
fatnode,2,Intel,2.6,16,32,64,20,K20,0.71,13,192,4.8,2,1.25,3.5,2,6.2,19000,6000,1.25,6697557890.50
fatnode,2,Intel,2.6,16,32,64,20,K20,0.71,13,192,4.8,2,1.25,3.5,2,6.2,19000,6000,1.5,6701036135.06
fatnode,2,Intel,2.6,16,32,64,20,K20,0.71,13,192,4.8,2,1.25,3.5,2,6.2,19000,6000,1.75,6689874294.08
fatnode,2,Intel,2.6,16,32,64,20,K20,0.71,13,192,4.8,2,1.25,3.5,2,6.2,19000,6000,2,6694890616.92
fatnode,2,Intel,2.6,16,32,64,20,K20,0.71,13,192,4.8,2,1.25,3.5,2,6.2,19000,8000,0.25,8206894521.25
fatnode,2,Intel,2.6,16,32,64,20,K20,0.71,13,192,4.8,2,1.25,3.5,2,6.2,19000,8000,0.5,8184910882.22
fatnode,2,Intel,2.6,16,32,64,20,K20,0.71,13,192,4.8,2,1.25,3.5,2,6.2,19000,8000,1,8156515459.50
fatnode,2,Intel,2.6,16,32,64,20,K20,0.71,13,192,4.8,2,1.25,3.5,2,6.2,19000,8000,1.25,8160724356.00
fatnode,2,Intel,2.6,16,32,64,20,K20,0.71,13,192,4.8,2,1.25,3.5,2,6.2,19000,8000,1.5,8157735139.69
fatnode,2,Intel,2.6,16,32,64,20,K20,0.71,13,192,4.8,2,1.25,3.5,2,6.2,19000,8000,1.75,8159568316.61
fatnode,2,Intel,2.6,16,32,64,20,K20,0.71,13,192,4.8,2,1.25,3.5,2,6.2,19000,8000,2,8149927343.86
fatnode,2,Intel,2.6,16,32,64,20,K20,0.71,13,192,4.8,2,1.25,3.5,2,6.2,20000,1000,0.25,5618012372.86
fatnode,2,Intel,2.6,16,32,64,20,K20,0.71,13,192,4.8,2,1.25,3.5,2,6.2,20000,1000,0.5,5620905446.97
fatnode,2,Intel,2.6,16,32,64,20,K20,0.71,13,192,4.8,2,1.25,3.5,2,6.2,20000,1000,1,5614822669.42
fatnode,2,Intel,2.6,16,32,64,20,K20,0.71,13,192,4.8,2,1.25,3.5,2,6.2,20000,1000,1.25,5608463877.72
fatnode,2,Intel,2.6,16,32,64,20,K20,0.71,13,192,4.8,2,1.25,3.5,2,6.2,20000,1000,1.5,5616626839.47
fatnode,2,Intel,2.6,16,32,64,20,K20,0.71,13,192,4.8,2,1.25,3.5,2,6.2,20000,1000,1.75,5591198333.72
fatnode,2,Intel,2.6,16,32,64,20,K20,0.71,13,192,4.8,2,1.25,3.5,2,6.2,20000,1000,2,5617391381.47
fatnode,2,Intel,2.6,16,32,64,20,K20,0.71,13,192,4.8,2,1.25,3.5,2,6.2,20000,2000,0.25,5989661367.78
fatnode,2,Intel,2.6,16,32,64,20,K20,0.71,13,192,4.8,2,1.25,3.5,2,6.2,20000,2000,0.5,5948563345.61
fatnode,2,Intel,2.6,16,32,64,20,K20,0.71,13,192,4.8,2,1.25,3.5,2,6.2,20000,2000,1,5935388024.61
fatnode,2,Intel,2.6,16,32,64,20,K20,0.71,13,192,4.8,2,1.25,3.5,2,6.2,20000,2000,1.25,5939099491.58
fatnode,2,Intel,2.6,16,32,64,20,K20,0.71,13,192,4.8,2,1.25,3.5,2,6.2,20000,2000,1.5,5931405442.39
fatnode,2,Intel,2.6,16,32,64,20,K20,0.71,13,192,4.8,2,1.25,3.5,2,6.2,20000,2000,1.75,5942032041.25
fatnode,2,Intel,2.6,16,32,64,20,K20,0.71,13,192,4.8,2,1.25,3.5,2,6.2,20000,2000,2,5946294187.83
fatnode,2,Intel,2.6,16,32,64,20,K20,0.71,13,192,4.8,2,1.25,3.5,2,6.2,20000,4000,0.25,5662979535.33
fatnode,2,Intel,2.6,16,32,64,20,K20,0.71,13,192,4.8,2,1.25,3.5,2,6.2,20000,4000,0.5,5662297809.92
fatnode,2,Intel,2.6,16,32,64,20,K20,0.71,13,192,4.8,2,1.25,3.5,2,6.2,20000,4000,1,5642835593.64
fatnode,2,Intel,2.6,16,32,64,20,K20,0.71,13,192,4.8,2,1.25,3.5,2,6.2,20000,4000,1.25,5638786169.14
fatnode,2,Intel,2.6,16,32,64,20,K20,0.71,13,192,4.8,2,1.25,3.5,2,6.2,20000,4000,1.5,5636136632.83
fatnode,2,Intel,2.6,16,32,64,20,K20,0.71,13,192,4.8,2,1.25,3.5,2,6.2,20000,4000,1.75,5647011206.53
fatnode,2,Intel,2.6,16,32,64,20,K20,0.71,13,192,4.8,2,1.25,3.5,2,6.2,20000,4000,2,5643410105.11
fatnode,2,Intel,2.6,16,32,64,20,K20,0.71,13,192,4.8,2,1.25,3.5,2,6.2,20000,6000,0.25,7192364240.33
fatnode,2,Intel,2.6,16,32,64,20,K20,0.71,13,192,4.8,2,1.25,3.5,2,6.2,20000,6000,0.5,7198045473.56
fatnode,2,Intel,2.6,16,32,64,20,K20,0.71,13,192,4.8,2,1.25,3.5,2,6.2,20000,6000,1,7180379085.75
fatnode,2,Intel,2.6,16,32,64,20,K20,0.71,13,192,4.8,2,1.25,3.5,2,6.2,20000,6000,1.25,7181743222.25
fatnode,2,Intel,2.6,16,32,64,20,K20,0.71,13,192,4.8,2,1.25,3.5,2,6.2,20000,6000,1.5,7173029197.33
fatnode,2,Intel,2.6,16,32,64,20,K20,0.71,13,192,4.8,2,1.25,3.5,2,6.2,20000,6000,1.75,7175841380.19
fatnode,2,Intel,2.6,16,32,64,20,K20,0.71,13,192,4.8,2,1.25,3.5,2,6.2,20000,6000,2,7178441910.53
fatnode,2,Intel,2.6,16,32,64,20,K20,0.71,13,192,4.8,2,1.25,3.5,2,6.2,20000,8000,0.25,8758405027.00
fatnode,2,Intel,2.6,16,32,64,20,K20,0.71,13,192,4.8,2,1.25,3.5,2,6.2,20000,8000,0.5,8736041481.17
fatnode,2,Intel,2.6,16,32,64,20,K20,0.71,13,192,4.8,2,1.25,3.5,2,6.2,20000,8000,1,8716508894.06
fatnode,2,Intel,2.6,16,32,64,20,K20,0.71,13,192,4.8,2,1.25,3.5,2,6.2,20000,8000,1.25,8715147527.78
fatnode,2,Intel,2.6,16,32,64,20,K20,0.71,13,192,4.8,2,1.25,3.5,2,6.2,20000,8000,1.5,8705764466.03
fatnode,2,Intel,2.6,16,32,64,20,K20,0.71,13,192,4.8,2,1.25,3.5,2,6.2,20000,8000,1.75,8712905546.17
fatnode,2,Intel,2.6,16,32,64,20,K20,0.71,13,192,4.8,2,1.25,3.5,2,6.2,20000,8000,2,8712462743.50
fatnode,2,Intel,2.6,16,32,64,20,K20,0.71,13,192,4.8,2,1.25,3.5,2,6.2,21000,1000,0.25,5961364334.42
fatnode,2,Intel,2.6,16,32,64,20,K20,0.71,13,192,4.8,2,1.25,3.5,2,6.2,21000,1000,0.5,5926215892.11
fatnode,2,Intel,2.6,16,32,64,20,K20,0.71,13,192,4.8,2,1.25,3.5,2,6.2,21000,1000,1,5970211858.50
fatnode,2,Intel,2.6,16,32,64,20,K20,0.71,13,192,4.8,2,1.25,3.5,2,6.2,21000,1000,1.25,5987178024.58
fatnode,2,Intel,2.6,16,32,64,20,K20,0.71,13,192,4.8,2,1.25,3.5,2,6.2,21000,1000,1.5,6026852126.19
fatnode,2,Intel,2.6,16,32,64,20,K20,0.71,13,192,4.8,2,1.25,3.5,2,6.2,21000,1000,1.75,5980995195.36
fatnode,2,Intel,2.6,16,32,64,20,K20,0.71,13,192,4.8,2,1.25,3.5,2,6.2,21000,1000,2,6021291302.22
fatnode,2,Intel,2.6,16,32,64,20,K20,0.71,13,192,4.8,2,1.25,3.5,2,6.2,21000,2000,0.25,6427213975.58
fatnode,2,Intel,2.6,16,32,64,20,K20,0.71,13,192,4.8,2,1.25,3.5,2,6.2,21000,2000,0.5,6376180790.08
fatnode,2,Intel,2.6,16,32,64,20,K20,0.71,13,192,4.8,2,1.25,3.5,2,6.2,21000,2000,1,6354652022.94
fatnode,2,Intel,2.6,16,32,64,20,K20,0.71,13,192,4.8,2,1.25,3.5,2,6.2,21000,2000,1.25,6365423093.78
fatnode,2,Intel,2.6,16,32,64,20,K20,0.71,13,192,4.8,2,1.25,3.5,2,6.2,21000,2000,1.5,6358911430.89
fatnode,2,Intel,2.6,16,32,64,20,K20,0.71,13,192,4.8,2,1.25,3.5,2,6.2,21000,2000,1.75,6387974032.28
fatnode,2,Intel,2.6,16,32,64,20,K20,0.71,13,192,4.8,2,1.25,3.5,2,6.2,21000,2000,2,6364223130.03
fatnode,2,Intel,2.6,16,32,64,20,K20,0.71,13,192,4.8,2,1.25,3.5,2,6.2,21000,4000,0.25,6075845794.50
fatnode,2,Intel,2.6,16,32,64,20,K20,0.71,13,192,4.8,2,1.25,3.5,2,6.2,21000,4000,0.5,6083581880.39
fatnode,2,Intel,2.6,16,32,64,20,K20,0.71,13,192,4.8,2,1.25,3.5,2,6.2,21000,4000,1,6052947428.22
fatnode,2,Intel,2.6,16,32,64,20,K20,0.71,13,192,4.8,2,1.25,3.5,2,6.2,21000,4000,1.25,6055163776.44
fatnode,2,Intel,2.6,16,32,64,20,K20,0.71,13,192,4.8,2,1.25,3.5,2,6.2,21000,4000,1.5,6052068888.86
fatnode,2,Intel,2.6,16,32,64,20,K20,0.71,13,192,4.8,2,1.25,3.5,2,6.2,21000,4000,1.75,6065683552.14
fatnode,2,Intel,2.6,16,32,64,20,K20,0.71,13,192,4.8,2,1.25,3.5,2,6.2,21000,4000,2,6033443599.08
fatnode,2,Intel,2.6,16,32,64,20,K20,0.71,13,192,4.8,2,1.25,3.5,2,6.2,21000,6000,0.25,7685800155.28
fatnode,2,Intel,2.6,16,32,64,20,K20,0.71,13,192,4.8,2,1.25,3.5,2,6.2,21000,6000,0.5,7681150331.42
fatnode,2,Intel,2.6,16,32,64,20,K20,0.71,13,192,4.8,2,1.25,3.5,2,6.2,21000,6000,1,7676121954.31
fatnode,2,Intel,2.6,16,32,64,20,K20,0.71,13,192,4.8,2,1.25,3.5,2,6.2,21000,6000,1.25,7661175227.08
fatnode,2,Intel,2.6,16,32,64,20,K20,0.71,13,192,4.8,2,1.25,3.5,2,6.2,21000,6000,1.5,7675678543.47
fatnode,2,Intel,2.6,16,32,64,20,K20,0.71,13,192,4.8,2,1.25,3.5,2,6.2,21000,6000,1.75,7662708550.64
fatnode,2,Intel,2.6,16,32,64,20,K20,0.71,13,192,4.8,2,1.25,3.5,2,6.2,21000,6000,2,7676644484.08
fatnode,2,Intel,2.6,16,32,64,20,K20,0.71,13,192,4.8,2,1.25,3.5,2,6.2,21000,8000,0.25,9331626102.69
fatnode,2,Intel,2.6,16,32,64,20,K20,0.71,13,192,4.8,2,1.25,3.5,2,6.2,21000,8000,0.5,9310420799.03
fatnode,2,Intel,2.6,16,32,64,20,K20,0.71,13,192,4.8,2,1.25,3.5,2,6.2,21000,8000,1,9287783837.94
fatnode,2,Intel,2.6,16,32,64,20,K20,0.71,13,192,4.8,2,1.25,3.5,2,6.2,21000,8000,1.25,9290886325.44
fatnode,2,Intel,2.6,16,32,64,20,K20,0.71,13,192,4.8,2,1.25,3.5,2,6.2,21000,8000,1.5,9282182237.00
fatnode,2,Intel,2.6,16,32,64,20,K20,0.71,13,192,4.8,2,1.25,3.5,2,6.2,21000,8000,1.75,9277613755.50
fatnode,2,Intel,2.6,16,32,64,20,K20,0.71,13,192,4.8,2,1.25,3.5,2,6.2,21000,8000,2,9276118614.94
fatnode,2,Intel,2.6,16,32,64,20,K20,0.71,13,192,4.8,2,1.25,3.5,2,6.2,22000,1000,0.25,6774290667.44
fatnode,2,Intel,2.6,16,32,64,20,K20,0.71,13,192,4.8,2,1.25,3.5,2,6.2,22000,1000,0.5,6485294123.25
fatnode,2,Intel,2.6,16,32,64,20,K20,0.71,13,192,4.8,2,1.25,3.5,2,6.2,22000,1000,1,6299839351.36
fatnode,2,Intel,2.6,16,32,64,20,K20,0.71,13,192,4.8,2,1.25,3.5,2,6.2,22000,1000,1.25,6300611306.58
fatnode,2,Intel,2.6,16,32,64,20,K20,0.71,13,192,4.8,2,1.25,3.5,2,6.2,22000,1000,1.5,6326918786.25
fatnode,2,Intel,2.6,16,32,64,20,K20,0.71,13,192,4.8,2,1.25,3.5,2,6.2,22000,1000,1.75,6311083669.33
fatnode,2,Intel,2.6,16,32,64,20,K20,0.71,13,192,4.8,2,1.25,3.5,2,6.2,22000,1000,2,6354803834.69
fatnode,2,Intel,2.6,16,32,64,20,K20,0.71,13,192,4.8,2,1.25,3.5,2,6.2,22000,2000,0.25,6867321282.72
fatnode,2,Intel,2.6,16,32,64,20,K20,0.71,13,192,4.8,2,1.25,3.5,2,6.2,22000,2000,0.5,6830361930.58
fatnode,2,Intel,2.6,16,32,64,20,K20,0.71,13,192,4.8,2,1.25,3.5,2,6.2,22000,2000,1,6832880145.14
fatnode,2,Intel,2.6,16,32,64,20,K20,0.71,13,192,4.8,2,1.25,3.5,2,6.2,22000,2000,1.25,6830159159.42
fatnode,2,Intel,2.6,16,32,64,20,K20,0.71,13,192,4.8,2,1.25,3.5,2,6.2,22000,2000,1.5,6816060541.42
fatnode,2,Intel,2.6,16,32,64,20,K20,0.71,13,192,4.8,2,1.25,3.5,2,6.2,22000,2000,1.75,6816499420.31
fatnode,2,Intel,2.6,16,32,64,20,K20,0.71,13,192,4.8,2,1.25,3.5,2,6.2,22000,2000,2,6823894475.72
fatnode,2,Intel,2.6,16,32,64,20,K20,0.71,13,192,4.8,2,1.25,3.5,2,6.2,22000,4000,0.25,6413733765.25
fatnode,2,Intel,2.6,16,32,64,20,K20,0.71,13,192,4.8,2,1.25,3.5,2,6.2,22000,4000,0.5,6440574519.64
fatnode,2,Intel,2.6,16,32,64,20,K20,0.71,13,192,4.8,2,1.25,3.5,2,6.2,22000,4000,1,6419517852.69
fatnode,2,Intel,2.6,16,32,64,20,K20,0.71,13,192,4.8,2,1.25,3.5,2,6.2,22000,4000,1.25,6393041357.81
fatnode,2,Intel,2.6,16,32,64,20,K20,0.71,13,192,4.8,2,1.25,3.5,2,6.2,22000,4000,1.5,6409077545.00
fatnode,2,Intel,2.6,16,32,64,20,K20,0.71,13,192,4.8,2,1.25,3.5,2,6.2,22000,4000,1.75,6435569856.19
fatnode,2,Intel,2.6,16,32,64,20,K20,0.71,13,192,4.8,2,1.25,3.5,2,6.2,22000,4000,2,6441506404.89
fatnode,2,Intel,2.6,16,32,64,20,K20,0.71,13,192,4.8,2,1.25,3.5,2,6.2,22000,6000,0.25,8211059530.31
fatnode,2,Intel,2.6,16,32,64,20,K20,0.71,13,192,4.8,2,1.25,3.5,2,6.2,22000,6000,0.5,8208514584.33
fatnode,2,Intel,2.6,16,32,64,20,K20,0.71,13,192,4.8,2,1.25,3.5,2,6.2,22000,6000,1,8191604212.67
fatnode,2,Intel,2.6,16,32,64,20,K20,0.71,13,192,4.8,2,1.25,3.5,2,6.2,22000,6000,1.25,8195065792.78
fatnode,2,Intel,2.6,16,32,64,20,K20,0.71,13,192,4.8,2,1.25,3.5,2,6.2,22000,6000,1.5,8183282793.53
fatnode,2,Intel,2.6,16,32,64,20,K20,0.71,13,192,4.8,2,1.25,3.5,2,6.2,22000,6000,1.75,8185920364.00
fatnode,2,Intel,2.6,16,32,64,20,K20,0.71,13,192,4.8,2,1.25,3.5,2,6.2,22000,6000,2,8185340759.72
fatnode,2,Intel,2.6,16,32,64,20,K20,0.71,13,192,4.8,2,1.25,3.5,2,6.2,22000,8000,0.25,9924751557.94
fatnode,2,Intel,2.6,16,32,64,20,K20,0.71,13,192,4.8,2,1.25,3.5,2,6.2,22000,8000,0.5,9901433865.36
fatnode,2,Intel,2.6,16,32,64,20,K20,0.71,13,192,4.8,2,1.25,3.5,2,6.2,22000,8000,1,9877790873.14
fatnode,2,Intel,2.6,16,32,64,20,K20,0.71,13,192,4.8,2,1.25,3.5,2,6.2,22000,8000,1.25,9877829888.17
fatnode,2,Intel,2.6,16,32,64,20,K20,0.71,13,192,4.8,2,1.25,3.5,2,6.2,22000,8000,1.5,9871404379.44
fatnode,2,Intel,2.6,16,32,64,20,K20,0.71,13,192,4.8,2,1.25,3.5,2,6.2,22000,8000,1.75,9868057194.03
fatnode,2,Intel,2.6,16,32,64,20,K20,0.71,13,192,4.8,2,1.25,3.5,2,6.2,22000,8000,2,9864158423.14
fatnode,2,Intel,2.6,16,32,64,20,K20,0.71,13,192,4.8,2,1.25,3.5,2,6.2,23000,1000,0.25,8306763539.86
fatnode,2,Intel,2.6,16,32,64,20,K20,0.71,13,192,4.8,2,1.25,3.5,2,6.2,23000,1000,0.5,7974005340.14
fatnode,2,Intel,2.6,16,32,64,20,K20,0.71,13,192,4.8,2,1.25,3.5,2,6.2,23000,1000,1,6975117343.61
fatnode,2,Intel,2.6,16,32,64,20,K20,0.71,13,192,4.8,2,1.25,3.5,2,6.2,23000,1000,1.25,7945074191.69
fatnode,2,Intel,2.6,16,32,64,20,K20,0.71,13,192,4.8,2,1.25,3.5,2,6.2,23000,1000,1.5,6848311683.56
fatnode,2,Intel,2.6,16,32,64,20,K20,0.71,13,192,4.8,2,1.25,3.5,2,6.2,23000,1000,1.75,6913075869.67
fatnode,2,Intel,2.6,16,32,64,20,K20,0.71,13,192,4.8,2,1.25,3.5,2,6.2,23000,1000,2,6919574786.47
fatnode,2,Intel,2.6,16,32,64,20,K20,0.71,13,192,4.8,2,1.25,3.5,2,6.2,23000,2000,0.25,7359088003.11
fatnode,2,Intel,2.6,16,32,64,20,K20,0.71,13,192,4.8,2,1.25,3.5,2,6.2,23000,2000,0.5,7319687098.97
fatnode,2,Intel,2.6,16,32,64,20,K20,0.71,13,192,4.8,2,1.25,3.5,2,6.2,23000,2000,1,7299502357.25
fatnode,2,Intel,2.6,16,32,64,20,K20,0.71,13,192,4.8,2,1.25,3.5,2,6.2,23000,2000,1.25,7306861189.83
fatnode,2,Intel,2.6,16,32,64,20,K20,0.71,13,192,4.8,2,1.25,3.5,2,6.2,23000,2000,1.5,7289890217.81
fatnode,2,Intel,2.6,16,32,64,20,K20,0.71,13,192,4.8,2,1.25,3.5,2,6.2,23000,2000,1.75,7296211807.50
fatnode,2,Intel,2.6,16,32,64,20,K20,0.71,13,192,4.8,2,1.25,3.5,2,6.2,23000,2000,2,7309820650.58
fatnode,2,Intel,2.6,16,32,64,20,K20,0.71,13,192,4.8,2,1.25,3.5,2,6.2,23000,4000,0.25,6920435684.89
fatnode,2,Intel,2.6,16,32,64,20,K20,0.71,13,192,4.8,2,1.25,3.5,2,6.2,23000,4000,0.5,6885472109.56
fatnode,2,Intel,2.6,16,32,64,20,K20,0.71,13,192,4.8,2,1.25,3.5,2,6.2,23000,4000,1,6874160975.11
fatnode,2,Intel,2.6,16,32,64,20,K20,0.71,13,192,4.8,2,1.25,3.5,2,6.2,23000,4000,1.25,6876287462.00
fatnode,2,Intel,2.6,16,32,64,20,K20,0.71,13,192,4.8,2,1.25,3.5,2,6.2,23000,4000,1.5,6829001182.19
fatnode,2,Intel,2.6,16,32,64,20,K20,0.71,13,192,4.8,2,1.25,3.5,2,6.2,23000,4000,1.75,6881067747.42
fatnode,2,Intel,2.6,16,32,64,20,K20,0.71,13,192,4.8,2,1.25,3.5,2,6.2,23000,4000,2,6852573439.78
fatnode,2,Intel,2.6,16,32,64,20,K20,0.71,13,192,4.8,2,1.25,3.5,2,6.2,23000,6000,0.25,8765284861.39
fatnode,2,Intel,2.6,16,32,64,20,K20,0.71,13,192,4.8,2,1.25,3.5,2,6.2,23000,6000,0.5,8743815041.86
fatnode,2,Intel,2.6,16,32,64,20,K20,0.71,13,192,4.8,2,1.25,3.5,2,6.2,23000,6000,1,8731448390.00
fatnode,2,Intel,2.6,16,32,64,20,K20,0.71,13,192,4.8,2,1.25,3.5,2,6.2,23000,6000,1.25,8717432148.25
fatnode,2,Intel,2.6,16,32,64,20,K20,0.71,13,192,4.8,2,1.25,3.5,2,6.2,23000,6000,1.5,8721402456.69
fatnode,2,Intel,2.6,16,32,64,20,K20,0.71,13,192,4.8,2,1.25,3.5,2,6.2,23000,6000,1.75,8725738037.72
fatnode,2,Intel,2.6,16,32,64,20,K20,0.71,13,192,4.8,2,1.25,3.5,2,6.2,23000,6000,2,8725918701.42
fatnode,2,Intel,2.6,16,32,64,20,K20,0.71,13,192,4.8,2,1.25,3.5,2,6.2,23000,8000,0.25,10533828439.89
fatnode,2,Intel,2.6,16,32,64,20,K20,0.71,13,192,4.8,2,1.25,3.5,2,6.2,23000,8000,0.5,10505682017.03
fatnode,2,Intel,2.6,16,32,64,20,K20,0.71,13,192,4.8,2,1.25,3.5,2,6.2,23000,8000,1,10494090086.11
fatnode,2,Intel,2.6,16,32,64,20,K20,0.71,13,192,4.8,2,1.25,3.5,2,6.2,23000,8000,1.25,10492397001.25
fatnode,2,Intel,2.6,16,32,64,20,K20,0.71,13,192,4.8,2,1.25,3.5,2,6.2,23000,8000,1.5,10496362907.92
fatnode,2,Intel,2.6,16,32,64,20,K20,0.71,13,192,4.8,2,1.25,3.5,2,6.2,23000,8000,1.75,10481080628.14
fatnode,2,Intel,2.6,16,32,64,20,K20,0.71,13,192,4.8,2,1.25,3.5,2,6.2,23000,8000,2,10482202903.00
fatnode,2,Intel,2.6,16,32,64,20,K20,0.71,13,192,4.8,2,1.25,3.5,2,6.2,24000,1000,0.25,9008520754.19
fatnode,2,Intel,2.6,16,32,64,20,K20,0.71,13,192,4.8,2,1.25,3.5,2,6.2,24000,1000,0.5,8062437278.19
fatnode,2,Intel,2.6,16,32,64,20,K20,0.71,13,192,4.8,2,1.25,3.5,2,6.2,24000,1000,1,8824624855.44
fatnode,2,Intel,2.6,16,32,64,20,K20,0.71,13,192,4.8,2,1.25,3.5,2,6.2,24000,1000,1.25,9059640017.28
fatnode,2,Intel,2.6,16,32,64,20,K20,0.71,13,192,4.8,2,1.25,3.5,2,6.2,24000,1000,1.5,8321898592.58
fatnode,2,Intel,2.6,16,32,64,20,K20,0.71,13,192,4.8,2,1.25,3.5,2,6.2,24000,1000,1.75,7579964587.53
fatnode,2,Intel,2.6,16,32,64,20,K20,0.71,13,192,4.8,2,1.25,3.5,2,6.2,24000,1000,2,7840979388.56
fatnode,2,Intel,2.6,16,32,64,20,K20,0.71,13,192,4.8,2,1.25,3.5,2,6.2,24000,2000,0.25,7785317093.36
fatnode,2,Intel,2.6,16,32,64,20,K20,0.71,13,192,4.8,2,1.25,3.5,2,6.2,24000,2000,0.5,7769448402.11
fatnode,2,Intel,2.6,16,32,64,20,K20,0.71,13,192,4.8,2,1.25,3.5,2,6.2,24000,2000,1,7794624994.94
fatnode,2,Intel,2.6,16,32,64,20,K20,0.71,13,192,4.8,2,1.25,3.5,2,6.2,24000,2000,1.25,7814910580.42
fatnode,2,Intel,2.6,16,32,64,20,K20,0.71,13,192,4.8,2,1.25,3.5,2,6.2,24000,2000,1.5,7788078771.31
fatnode,2,Intel,2.6,16,32,64,20,K20,0.71,13,192,4.8,2,1.25,3.5,2,6.2,24000,2000,1.75,7802634434.22
fatnode,2,Intel,2.6,16,32,64,20,K20,0.71,13,192,4.8,2,1.25,3.5,2,6.2,24000,2000,2,7806578795.06
fatnode,2,Intel,2.6,16,32,64,20,K20,0.71,13,192,4.8,2,1.25,3.5,2,6.2,24000,4000,0.25,8713446361.58
fatnode,2,Intel,2.6,16,32,64,20,K20,0.71,13,192,4.8,2,1.25,3.5,2,6.2,24000,4000,0.5,7590534325.86
fatnode,2,Intel,2.6,16,32,64,20,K20,0.71,13,192,4.8,2,1.25,3.5,2,6.2,24000,4000,1,7538761214.28
fatnode,2,Intel,2.6,16,32,64,20,K20,0.71,13,192,4.8,2,1.25,3.5,2,6.2,24000,4000,1.25,7468452400.36
fatnode,2,Intel,2.6,16,32,64,20,K20,0.71,13,192,4.8,2,1.25,3.5,2,6.2,24000,4000,1.5,7536683902.25
fatnode,2,Intel,2.6,16,32,64,20,K20,0.71,13,192,4.8,2,1.25,3.5,2,6.2,24000,4000,1.75,7515089010.92
fatnode,2,Intel,2.6,16,32,64,20,K20,0.71,13,192,4.8,2,1.25,3.5,2,6.2,24000,4000,2,7507587221.39
fatnode,2,Intel,2.6,16,32,64,20,K20,0.71,13,192,4.8,2,1.25,3.5,2,6.2,24000,6000,0.25,9323543731.50
fatnode,2,Intel,2.6,16,32,64,20,K20,0.71,13,192,4.8,2,1.25,3.5,2,6.2,24000,6000,0.5,9304628720.56
fatnode,2,Intel,2.6,16,32,64,20,K20,0.71,13,192,4.8,2,1.25,3.5,2,6.2,24000,6000,1,9286404733.72
fatnode,2,Intel,2.6,16,32,64,20,K20,0.71,13,192,4.8,2,1.25,3.5,2,6.2,24000,6000,1.25,9291253765.58
fatnode,2,Intel,2.6,16,32,64,20,K20,0.71,13,192,4.8,2,1.25,3.5,2,6.2,24000,6000,1.5,9281878210.83
fatnode,2,Intel,2.6,16,32,64,20,K20,0.71,13,192,4.8,2,1.25,3.5,2,6.2,24000,6000,1.75,9281689394.42
fatnode,2,Intel,2.6,16,32,64,20,K20,0.71,13,192,4.8,2,1.25,3.5,2,6.2,24000,6000,2,9295361137.42
fatnode,2,Intel,2.6,16,32,64,20,K20,0.71,13,192,4.8,2,1.25,3.5,2,6.2,24000,8000,0.25,11170778728.11
fatnode,2,Intel,2.6,16,32,64,20,K20,0.71,13,192,4.8,2,1.25,3.5,2,6.2,24000,8000,0.5,11153583437.14
fatnode,2,Intel,2.6,16,32,64,20,K20,0.71,13,192,4.8,2,1.25,3.5,2,6.2,24000,8000,1,11130886342.36
fatnode,2,Intel,2.6,16,32,64,20,K20,0.71,13,192,4.8,2,1.25,3.5,2,6.2,24000,8000,1.25,11136661731.64
fatnode,2,Intel,2.6,16,32,64,20,K20,0.71,13,192,4.8,2,1.25,3.5,2,6.2,24000,8000,1.5,11130269713.11
fatnode,2,Intel,2.6,16,32,64,20,K20,0.71,13,192,4.8,2,1.25,3.5,2,6.2,24000,8000,1.75,11132109897.58
fatnode,2,Intel,2.6,16,32,64,20,K20,0.71,13,192,4.8,2,1.25,3.5,2,6.2,24000,8000,2,11105294927.69
fatnode,2,Intel,2.6,16,32,64,20,K20,0.71,13,192,4.8,2,1.25,3.5,2,6.2,25000,1000,0.25,9579138095.03
fatnode,2,Intel,2.6,16,32,64,20,K20,0.71,13,192,4.8,2,1.25,3.5,2,6.2,25000,1000,0.5,9368103559.17
fatnode,2,Intel,2.6,16,32,64,20,K20,0.71,13,192,4.8,2,1.25,3.5,2,6.2,25000,1000,1,8474175248.89
fatnode,2,Intel,2.6,16,32,64,20,K20,0.71,13,192,4.8,2,1.25,3.5,2,6.2,25000,1000,1.25,8799226809.00
fatnode,2,Intel,2.6,16,32,64,20,K20,0.71,13,192,4.8,2,1.25,3.5,2,6.2,25000,1000,1.5,9670866885.22
fatnode,2,Intel,2.6,16,32,64,20,K20,0.71,13,192,4.8,2,1.25,3.5,2,6.2,25000,1000,1.75,9508467880.03
fatnode,2,Intel,2.6,16,32,64,20,K20,0.71,13,192,4.8,2,1.25,3.5,2,6.2,25000,1000,2,9475521991.89
fatnode,2,Intel,2.6,16,32,64,20,K20,0.71,13,192,4.8,2,1.25,3.5,2,6.2,25000,2000,0.25,9210713546.42
fatnode,2,Intel,2.6,16,32,64,20,K20,0.71,13,192,4.8,2,1.25,3.5,2,6.2,25000,2000,0.5,8324836285.53
fatnode,2,Intel,2.6,16,32,64,20,K20,0.71,13,192,4.8,2,1.25,3.5,2,6.2,25000,2000,1,8243753708.44
fatnode,2,Intel,2.6,16,32,64,20,K20,0.71,13,192,4.8,2,1.25,3.5,2,6.2,25000,2000,1.25,8248477700.92
fatnode,2,Intel,2.6,16,32,64,20,K20,0.71,13,192,4.8,2,1.25,3.5,2,6.2,25000,2000,1.5,8318611103.86
fatnode,2,Intel,2.6,16,32,64,20,K20,0.71,13,192,4.8,2,1.25,3.5,2,6.2,25000,2000,1.75,8249335943.14
fatnode,2,Intel,2.6,16,32,64,20,K20,0.71,13,192,4.8,2,1.25,3.5,2,6.2,25000,2000,2,8256383761.31
fatnode,2,Intel,2.6,16,32,64,20,K20,0.71,13,192,4.8,2,1.25,3.5,2,6.2,25000,4000,0.25,8269413114.89
fatnode,2,Intel,2.6,16,32,64,20,K20,0.71,13,192,4.8,2,1.25,3.5,2,6.2,25000,4000,0.5,9261435561.64
fatnode,2,Intel,2.6,16,32,64,20,K20,0.71,13,192,4.8,2,1.25,3.5,2,6.2,25000,4000,1,9238846527.97
fatnode,2,Intel,2.6,16,32,64,20,K20,0.71,13,192,4.8,2,1.25,3.5,2,6.2,25000,4000,1.25,9876523431.69
fatnode,2,Intel,2.6,16,32,64,20,K20,0.71,13,192,4.8,2,1.25,3.5,2,6.2,25000,4000,1.5,9977891182.61
fatnode,2,Intel,2.6,16,32,64,20,K20,0.71,13,192,4.8,2,1.25,3.5,2,6.2,25000,4000,1.75,9972928774.36
fatnode,2,Intel,2.6,16,32,64,20,K20,0.71,13,192,4.8,2,1.25,3.5,2,6.2,25000,4000,2,8158263817.94
fatnode,2,Intel,2.6,16,32,64,20,K20,0.71,13,192,4.8,2,1.25,3.5,2,6.2,25000,6000,0.25,9915005335.39
fatnode,2,Intel,2.6,16,32,64,20,K20,0.71,13,192,4.8,2,1.25,3.5,2,6.2,25000,6000,0.5,9904652031.72
fatnode,2,Intel,2.6,16,32,64,20,K20,0.71,13,192,4.8,2,1.25,3.5,2,6.2,25000,6000,1,9870809875.28
fatnode,2,Intel,2.6,16,32,64,20,K20,0.71,13,192,4.8,2,1.25,3.5,2,6.2,25000,6000,1.25,9862370179.75
fatnode,2,Intel,2.6,16,32,64,20,K20,0.71,13,192,4.8,2,1.25,3.5,2,6.2,25000,6000,1.5,9883870696.72
fatnode,2,Intel,2.6,16,32,64,20,K20,0.71,13,192,4.8,2,1.25,3.5,2,6.2,25000,6000,1.75,9867004607.00
fatnode,2,Intel,2.6,16,32,64,20,K20,0.71,13,192,4.8,2,1.25,3.5,2,6.2,25000,6000,2,9877804605.25
fatnode,2,Intel,2.6,16,32,64,20,K20,0.71,13,192,4.8,2,1.25,3.5,2,6.2,25000,8000,0.25,11828850384.25
fatnode,2,Intel,2.6,16,32,64,20,K20,0.71,13,192,4.8,2,1.25,3.5,2,6.2,25000,8000,0.5,11820563169.11
fatnode,2,Intel,2.6,16,32,64,20,K20,0.71,13,192,4.8,2,1.25,3.5,2,6.2,25000,8000,1,11767514514.08
fatnode,2,Intel,2.6,16,32,64,20,K20,0.71,13,192,4.8,2,1.25,3.5,2,6.2,25000,8000,1.25,11787360752.00
fatnode,2,Intel,2.6,16,32,64,20,K20,0.71,13,192,4.8,2,1.25,3.5,2,6.2,25000,8000,1.5,11775484591.97
fatnode,2,Intel,2.6,16,32,64,20,K20,0.71,13,192,4.8,2,1.25,3.5,2,6.2,25000,8000,1.75,11760094036.81
fatnode,2,Intel,2.6,16,32,64,20,K20,0.71,13,192,4.8,2,1.25,3.5,2,6.2,25000,8000,2,11762006562.97
supermicro,2,Intel,3,20,40,256,25,K20,0.71,13,192,4.8,2,1.25,3.5,2,6.1,17000,1000,0.25,3879137067.67
supermicro,2,Intel,3,20,40,256,25,K20,0.71,13,192,4.8,2,1.25,3.5,2,6.1,17000,1000,0.5,3863355161.72
supermicro,2,Intel,3,20,40,256,25,K20,0.71,13,192,4.8,2,1.25,3.5,2,6.1,17000,1000,1,3869541982.50
supermicro,2,Intel,3,20,40,256,25,K20,0.71,13,192,4.8,2,1.25,3.5,2,6.1,17000,1000,1.25,3874938378.11
supermicro,2,Intel,3,20,40,256,25,K20,0.71,13,192,4.8,2,1.25,3.5,2,6.1,17000,1000,1.5,3864022020.33
supermicro,2,Intel,3,20,40,256,25,K20,0.71,13,192,4.8,2,1.25,3.5,2,6.1,17000,1000,1.75,3875065532.00
supermicro,2,Intel,3,20,40,256,25,K20,0.71,13,192,4.8,2,1.25,3.5,2,6.1,17000,1000,2,3856816795.64
supermicro,2,Intel,3,20,40,256,25,K20,0.71,13,192,4.8,2,1.25,3.5,2,6.1,17000,2000,0.25,4153785008.75
supermicro,2,Intel,3,20,40,256,25,K20,0.71,13,192,4.8,2,1.25,3.5,2,6.1,17000,2000,0.5,4140821758.97
supermicro,2,Intel,3,20,40,256,25,K20,0.71,13,192,4.8,2,1.25,3.5,2,6.1,17000,2000,1,4145403018.83
supermicro,2,Intel,3,20,40,256,25,K20,0.71,13,192,4.8,2,1.25,3.5,2,6.1,17000,2000,1.25,3771547308.86
supermicro,2,Intel,3,20,40,256,25,K20,0.71,13,192,4.8,2,1.25,3.5,2,6.1,17000,2000,1.5,4148397609.17
supermicro,2,Intel,3,20,40,256,25,K20,0.71,13,192,4.8,2,1.25,3.5,2,6.1,17000,2000,1.75,3558124326.75
supermicro,2,Intel,3,20,40,256,25,K20,0.71,13,192,4.8,2,1.25,3.5,2,6.1,17000,2000,2,3017485311.06
supermicro,2,Intel,3,20,40,256,25,K20,0.71,13,192,4.8,2,1.25,3.5,2,6.1,17000,4000,0.25,3772761684.56
supermicro,2,Intel,3,20,40,256,25,K20,0.71,13,192,4.8,2,1.25,3.5,2,6.1,17000,4000,0.5,3776565936.11
supermicro,2,Intel,3,20,40,256,25,K20,0.71,13,192,4.8,2,1.25,3.5,2,6.1,17000,4000,1,3776376699.78
supermicro,2,Intel,3,20,40,256,25,K20,0.71,13,192,4.8,2,1.25,3.5,2,6.1,17000,4000,1.25,3773580147.17
supermicro,2,Intel,3,20,40,256,25,K20,0.71,13,192,4.8,2,1.25,3.5,2,6.1,17000,4000,1.5,3772557366.83
supermicro,2,Intel,3,20,40,256,25,K20,0.71,13,192,4.8,2,1.25,3.5,2,6.1,17000,4000,1.75,3792602680.50
supermicro,2,Intel,3,20,40,256,25,K20,0.71,13,192,4.8,2,1.25,3.5,2,6.1,17000,4000,2,3781425026.89
supermicro,2,Intel,3,20,40,256,25,K20,0.71,13,192,4.8,2,1.25,3.5,2,6.1,17000,6000,0.25,5291406728.97
supermicro,2,Intel,3,20,40,256,25,K20,0.71,13,192,4.8,2,1.25,3.5,2,6.1,17000,6000,0.5,5279261381.94
supermicro,2,Intel,3,20,40,256,25,K20,0.71,13,192,4.8,2,1.25,3.5,2,6.1,17000,6000,1,5278181680.50
supermicro,2,Intel,3,20,40,256,25,K20,0.71,13,192,4.8,2,1.25,3.5,2,6.1,17000,6000,1.25,5288751813.78
supermicro,2,Intel,3,20,40,256,25,K20,0.71,13,192,4.8,2,1.25,3.5,2,6.1,17000,6000,1.5,5282487950.03
supermicro,2,Intel,3,20,40,256,25,K20,0.71,13,192,4.8,2,1.25,3.5,2,6.1,17000,6000,1.75,5290336366.94
supermicro,2,Intel,3,20,40,256,25,K20,0.71,13,192,4.8,2,1.25,3.5,2,6.1,17000,6000,2,5300555990.19
supermicro,2,Intel,3,20,40,256,25,K20,0.71,13,192,4.8,2,1.25,3.5,2,6.1,17000,8000,0.25,6791107931.75
supermicro,2,Intel,3,20,40,256,25,K20,0.71,13,192,4.8,2,1.25,3.5,2,6.1,17000,8000,0.5,6800064193.11
supermicro,2,Intel,3,20,40,256,25,K20,0.71,13,192,4.8,2,1.25,3.5,2,6.1,17000,8000,1,6800334615.28
supermicro,2,Intel,3,20,40,256,25,K20,0.71,13,192,4.8,2,1.25,3.5,2,6.1,17000,8000,1.25,6806865190.36
supermicro,2,Intel,3,20,40,256,25,K20,0.71,13,192,4.8,2,1.25,3.5,2,6.1,17000,8000,1.5,6805871552.92
supermicro,2,Intel,3,20,40,256,25,K20,0.71,13,192,4.8,2,1.25,3.5,2,6.1,17000,8000,1.75,6803668959.14
supermicro,2,Intel,3,20,40,256,25,K20,0.71,13,192,4.8,2,1.25,3.5,2,6.1,17000,8000,2,6803459150.83
supermicro,2,Intel,3,20,40,256,25,K20,0.71,13,192,4.8,2,1.25,3.5,2,6.1,18000,1000,0.25,4149460797.14
supermicro,2,Intel,3,20,40,256,25,K20,0.71,13,192,4.8,2,1.25,3.5,2,6.1,18000,1000,0.5,4121537770.56
supermicro,2,Intel,3,20,40,256,25,K20,0.71,13,192,4.8,2,1.25,3.5,2,6.1,18000,1000,1,4129797697.78
supermicro,2,Intel,3,20,40,256,25,K20,0.71,13,192,4.8,2,1.25,3.5,2,6.1,18000,1000,1.25,4154443782.25
supermicro,2,Intel,3,20,40,256,25,K20,0.71,13,192,4.8,2,1.25,3.5,2,6.1,18000,1000,1.5,3655260628.28
supermicro,2,Intel,3,20,40,256,25,K20,0.71,13,192,4.8,2,1.25,3.5,2,6.1,18000,1000,1.75,4142800239.47
supermicro,2,Intel,3,20,40,256,25,K20,0.71,13,192,4.8,2,1.25,3.5,2,6.1,18000,1000,2,3676806003.89
supermicro,2,Intel,3,20,40,256,25,K20,0.71,13,192,4.8,2,1.25,3.5,2,6.1,18000,2000,0.25,4432420586.22
supermicro,2,Intel,3,20,40,256,25,K20,0.71,13,192,4.8,2,1.25,3.5,2,6.1,18000,2000,0.5,4429093648.72
supermicro,2,Intel,3,20,40,256,25,K20,0.71,13,192,4.8,2,1.25,3.5,2,6.1,18000,2000,1,4419541056.44
supermicro,2,Intel,3,20,40,256,25,K20,0.71,13,192,4.8,2,1.25,3.5,2,6.1,18000,2000,1.25,4441965151.56
supermicro,2,Intel,3,20,40,256,25,K20,0.71,13,192,4.8,2,1.25,3.5,2,6.1,18000,2000,1.5,4429030907.64
supermicro,2,Intel,3,20,40,256,25,K20,0.71,13,192,4.8,2,1.25,3.5,2,6.1,18000,2000,1.75,4438816258.25
supermicro,2,Intel,3,20,40,256,25,K20,0.71,13,192,4.8,2,1.25,3.5,2,6.1,18000,2000,2,3832058404.36
supermicro,2,Intel,3,20,40,256,25,K20,0.71,13,192,4.8,2,1.25,3.5,2,6.1,18000,4000,0.25,4048948176.50
supermicro,2,Intel,3,20,40,256,25,K20,0.71,13,192,4.8,2,1.25,3.5,2,6.1,18000,4000,0.5,4053141798.50
supermicro,2,Intel,3,20,40,256,25,K20,0.71,13,192,4.8,2,1.25,3.5,2,6.1,18000,4000,1,4064563175.33
supermicro,2,Intel,3,20,40,256,25,K20,0.71,13,192,4.8,2,1.25,3.5,2,6.1,18000,4000,1.25,4044907634.47
supermicro,2,Intel,3,20,40,256,25,K20,0.71,13,192,4.8,2,1.25,3.5,2,6.1,18000,4000,1.5,4057262634.25
supermicro,2,Intel,3,20,40,256,25,K20,0.71,13,192,4.8,2,1.25,3.5,2,6.1,18000,4000,1.75,4049613964.17
supermicro,2,Intel,3,20,40,256,25,K20,0.71,13,192,4.8,2,1.25,3.5,2,6.1,18000,4000,2,4051263302.06
supermicro,2,Intel,3,20,40,256,25,K20,0.71,13,192,4.8,2,1.25,3.5,2,6.1,18000,6000,0.25,5650694782.25
supermicro,2,Intel,3,20,40,256,25,K20,0.71,13,192,4.8,2,1.25,3.5,2,6.1,18000,6000,0.5,5648045130.11
supermicro,2,Intel,3,20,40,256,25,K20,0.71,13,192,4.8,2,1.25,3.5,2,6.1,18000,6000,1,5646663614.14
supermicro,2,Intel,3,20,40,256,25,K20,0.71,13,192,4.8,2,1.25,3.5,2,6.1,18000,6000,1.25,5637484259.83
supermicro,2,Intel,3,20,40,256,25,K20,0.71,13,192,4.8,2,1.25,3.5,2,6.1,18000,6000,1.5,5657795795.86
supermicro,2,Intel,3,20,40,256,25,K20,0.71,13,192,4.8,2,1.25,3.5,2,6.1,18000,6000,1.75,5640934537.08
supermicro,2,Intel,3,20,40,256,25,K20,0.71,13,192,4.8,2,1.25,3.5,2,6.1,18000,6000,2,5644948338.42
supermicro,2,Intel,3,20,40,256,25,K20,0.71,13,192,4.8,2,1.25,3.5,2,6.1,18000,8000,0.25,7236367095.72
supermicro,2,Intel,3,20,40,256,25,K20,0.71,13,192,4.8,2,1.25,3.5,2,6.1,18000,8000,0.5,7237289139.44
supermicro,2,Intel,3,20,40,256,25,K20,0.71,13,192,4.8,2,1.25,3.5,2,6.1,18000,8000,1,7226110348.58
supermicro,2,Intel,3,20,40,256,25,K20,0.71,13,192,4.8,2,1.25,3.5,2,6.1,18000,8000,1.25,7241300483.67
supermicro,2,Intel,3,20,40,256,25,K20,0.71,13,192,4.8,2,1.25,3.5,2,6.1,18000,8000,1.5,7241179754.97
supermicro,2,Intel,3,20,40,256,25,K20,0.71,13,192,4.8,2,1.25,3.5,2,6.1,18000,8000,1.75,7237502753.75
supermicro,2,Intel,3,20,40,256,25,K20,0.71,13,192,4.8,2,1.25,3.5,2,6.1,18000,8000,2,7238272826.17
supermicro,2,Intel,3,20,40,256,25,K20,0.71,13,192,4.8,2,1.25,3.5,2,6.1,19000,1000,0.25,4429425972.08
supermicro,2,Intel,3,20,40,256,25,K20,0.71,13,192,4.8,2,1.25,3.5,2,6.1,19000,1000,0.5,4382851917.22
supermicro,2,Intel,3,20,40,256,25,K20,0.71,13,192,4.8,2,1.25,3.5,2,6.1,19000,1000,1,4407310107.92
supermicro,2,Intel,3,20,40,256,25,K20,0.71,13,192,4.8,2,1.25,3.5,2,6.1,19000,1000,1.25,4419170205.08
supermicro,2,Intel,3,20,40,256,25,K20,0.71,13,192,4.8,2,1.25,3.5,2,6.1,19000,1000,1.5,4423276289.44
supermicro,2,Intel,3,20,40,256,25,K20,0.71,13,192,4.8,2,1.25,3.5,2,6.1,19000,1000,1.75,4421409153.19
supermicro,2,Intel,3,20,40,256,25,K20,0.71,13,192,4.8,2,1.25,3.5,2,6.1,19000,1000,2,4435096405.44
supermicro,2,Intel,3,20,40,256,25,K20,0.71,13,192,4.8,2,1.25,3.5,2,6.1,19000,2000,0.25,4716446728.53
supermicro,2,Intel,3,20,40,256,25,K20,0.71,13,192,4.8,2,1.25,3.5,2,6.1,19000,2000,0.5,4715541307.17
supermicro,2,Intel,3,20,40,256,25,K20,0.71,13,192,4.8,2,1.25,3.5,2,6.1,19000,2000,1,4710868322.17
supermicro,2,Intel,3,20,40,256,25,K20,0.71,13,192,4.8,2,1.25,3.5,2,6.1,19000,2000,1.25,4746160298.94
supermicro,2,Intel,3,20,40,256,25,K20,0.71,13,192,4.8,2,1.25,3.5,2,6.1,19000,2000,1.5,4708528611.78
supermicro,2,Intel,3,20,40,256,25,K20,0.71,13,192,4.8,2,1.25,3.5,2,6.1,19000,2000,1.75,4758647990.75
supermicro,2,Intel,3,20,40,256,25,K20,0.71,13,192,4.8,2,1.25,3.5,2,6.1,19000,2000,2,4729395240.75
supermicro,2,Intel,3,20,40,256,25,K20,0.71,13,192,4.8,2,1.25,3.5,2,6.1,19000,4000,0.25,4316753621.86
supermicro,2,Intel,3,20,40,256,25,K20,0.71,13,192,4.8,2,1.25,3.5,2,6.1,19000,4000,0.5,4348371930.64
supermicro,2,Intel,3,20,40,256,25,K20,0.71,13,192,4.8,2,1.25,3.5,2,6.1,19000,4000,1,4320607325.92
supermicro,2,Intel,3,20,40,256,25,K20,0.71,13,192,4.8,2,1.25,3.5,2,6.1,19000,4000,1.25,4316058820.39
supermicro,2,Intel,3,20,40,256,25,K20,0.71,13,192,4.8,2,1.25,3.5,2,6.1,19000,4000,1.5,4315864266.17
supermicro,2,Intel,3,20,40,256,25,K20,0.71,13,192,4.8,2,1.25,3.5,2,6.1,19000,4000,1.75,4315669150.89
supermicro,2,Intel,3,20,40,256,25,K20,0.71,13,192,4.8,2,1.25,3.5,2,6.1,19000,4000,2,4306958304.19
supermicro,2,Intel,3,20,40,256,25,K20,0.71,13,192,4.8,2,1.25,3.5,2,6.1,19000,6000,0.25,6018723733.14
supermicro,2,Intel,3,20,40,256,25,K20,0.71,13,192,4.8,2,1.25,3.5,2,6.1,19000,6000,0.5,5997906130.36
supermicro,2,Intel,3,20,40,256,25,K20,0.71,13,192,4.8,2,1.25,3.5,2,6.1,19000,6000,1,5990673360.17
supermicro,2,Intel,3,20,40,256,25,K20,0.71,13,192,4.8,2,1.25,3.5,2,6.1,19000,6000,1.25,5989249497.42
supermicro,2,Intel,3,20,40,256,25,K20,0.71,13,192,4.8,2,1.25,3.5,2,6.1,19000,6000,1.5,6001940194.56
supermicro,2,Intel,3,20,40,256,25,K20,0.71,13,192,4.8,2,1.25,3.5,2,6.1,19000,6000,1.75,6009440140.92
supermicro,2,Intel,3,20,40,256,25,K20,0.71,13,192,4.8,2,1.25,3.5,2,6.1,19000,6000,2,5988695513.06
supermicro,2,Intel,3,20,40,256,25,K20,0.71,13,192,4.8,2,1.25,3.5,2,6.1,19000,8000,0.25,7675270592.69
supermicro,2,Intel,3,20,40,256,25,K20,0.71,13,192,4.8,2,1.25,3.5,2,6.1,19000,8000,0.5,7676955485.97
supermicro,2,Intel,3,20,40,256,25,K20,0.71,13,192,4.8,2,1.25,3.5,2,6.1,19000,8000,1,7682046882.92
supermicro,2,Intel,3,20,40,256,25,K20,0.71,13,192,4.8,2,1.25,3.5,2,6.1,19000,8000,1.25,7672779732.75
supermicro,2,Intel,3,20,40,256,25,K20,0.71,13,192,4.8,2,1.25,3.5,2,6.1,19000,8000,1.5,7672488433.14
supermicro,2,Intel,3,20,40,256,25,K20,0.71,13,192,4.8,2,1.25,3.5,2,6.1,19000,8000,1.75,7673368784.03
supermicro,2,Intel,3,20,40,256,25,K20,0.71,13,192,4.8,2,1.25,3.5,2,6.1,19000,8000,2,7669575443.03
supermicro,2,Intel,3,20,40,256,25,K20,0.71,13,192,4.8,2,1.25,3.5,2,6.1,20000,1000,0.25,4701392906.06
supermicro,2,Intel,3,20,40,256,25,K20,0.71,13,192,4.8,2,1.25,3.5,2,6.1,20000,1000,0.5,4671633745.39
supermicro,2,Intel,3,20,40,256,25,K20,0.71,13,192,4.8,2,1.25,3.5,2,6.1,20000,1000,1,4674931804.28
supermicro,2,Intel,3,20,40,256,25,K20,0.71,13,192,4.8,2,1.25,3.5,2,6.1,20000,1000,1.25,4697164509.08
supermicro,2,Intel,3,20,40,256,25,K20,0.71,13,192,4.8,2,1.25,3.5,2,6.1,20000,1000,1.5,4669859759.94
supermicro,2,Intel,3,20,40,256,25,K20,0.71,13,192,4.8,2,1.25,3.5,2,6.1,20000,1000,1.75,4701739995.75
supermicro,2,Intel,3,20,40,256,25,K20,0.71,13,192,4.8,2,1.25,3.5,2,6.1,20000,1000,2,4711260460.19
supermicro,2,Intel,3,20,40,256,25,K20,0.71,13,192,4.8,2,1.25,3.5,2,6.1,20000,2000,0.25,5012360880.81
supermicro,2,Intel,3,20,40,256,25,K20,0.71,13,192,4.8,2,1.25,3.5,2,6.1,20000,2000,0.5,5014096674.94
supermicro,2,Intel,3,20,40,256,25,K20,0.71,13,192,4.8,2,1.25,3.5,2,6.1,20000,2000,1,5027525634.33
supermicro,2,Intel,3,20,40,256,25,K20,0.71,13,192,4.8,2,1.25,3.5,2,6.1,20000,2000,1.25,5039403750.06
supermicro,2,Intel,3,20,40,256,25,K20,0.71,13,192,4.8,2,1.25,3.5,2,6.1,20000,2000,1.5,5020896097.50
supermicro,2,Intel,3,20,40,256,25,K20,0.71,13,192,4.8,2,1.25,3.5,2,6.1,20000,2000,1.75,5022556624.14
supermicro,2,Intel,3,20,40,256,25,K20,0.71,13,192,4.8,2,1.25,3.5,2,6.1,20000,2000,2,5059045937.33
supermicro,2,Intel,3,20,40,256,25,K20,0.71,13,192,4.8,2,1.25,3.5,2,6.1,20000,4000,0.25,4565396480.31
supermicro,2,Intel,3,20,40,256,25,K20,0.71,13,192,4.8,2,1.25,3.5,2,6.1,20000,4000,0.5,4607015571.72
supermicro,2,Intel,3,20,40,256,25,K20,0.71,13,192,4.8,2,1.25,3.5,2,6.1,20000,4000,1,4622772068.75
supermicro,2,Intel,3,20,40,256,25,K20,0.71,13,192,4.8,2,1.25,3.5,2,6.1,20000,4000,1.25,4605037933.11
supermicro,2,Intel,3,20,40,256,25,K20,0.71,13,192,4.8,2,1.25,3.5,2,6.1,20000,4000,1.5,4604712616.17
supermicro,2,Intel,3,20,40,256,25,K20,0.71,13,192,4.8,2,1.25,3.5,2,6.1,20000,4000,1.75,4601671177.83
supermicro,2,Intel,3,20,40,256,25,K20,0.71,13,192,4.8,2,1.25,3.5,2,6.1,20000,4000,2,4609294208.61
supermicro,2,Intel,3,20,40,256,25,K20,0.71,13,192,4.8,2,1.25,3.5,2,6.1,20000,6000,0.25,6363803493.92
supermicro,2,Intel,3,20,40,256,25,K20,0.71,13,192,4.8,2,1.25,3.5,2,6.1,20000,6000,0.5,6353010152.75
supermicro,2,Intel,3,20,40,256,25,K20,0.71,13,192,4.8,2,1.25,3.5,2,6.1,20000,6000,1,6381997358.94
supermicro,2,Intel,3,20,40,256,25,K20,0.71,13,192,4.8,2,1.25,3.5,2,6.1,20000,6000,1.25,6359361731.58
supermicro,2,Intel,3,20,40,256,25,K20,0.71,13,192,4.8,2,1.25,3.5,2,6.1,20000,6000,1.5,6363714067.47
supermicro,2,Intel,3,20,40,256,25,K20,0.71,13,192,4.8,2,1.25,3.5,2,6.1,20000,6000,1.75,6369186334.17
supermicro,2,Intel,3,20,40,256,25,K20,0.71,13,192,4.8,2,1.25,3.5,2,6.1,20000,6000,2,6388341326.28
supermicro,2,Intel,3,20,40,256,25,K20,0.71,13,192,4.8,2,1.25,3.5,2,6.1,20000,8000,0.25,8143966917.19
supermicro,2,Intel,3,20,40,256,25,K20,0.71,13,192,4.8,2,1.25,3.5,2,6.1,20000,8000,0.5,8162737377.56
supermicro,2,Intel,3,20,40,256,25,K20,0.71,13,192,4.8,2,1.25,3.5,2,6.1,20000,8000,1,8151371099.56
supermicro,2,Intel,3,20,40,256,25,K20,0.71,13,192,4.8,2,1.25,3.5,2,6.1,20000,8000,1.25,8145591390.92
supermicro,2,Intel,3,20,40,256,25,K20,0.71,13,192,4.8,2,1.25,3.5,2,6.1,20000,8000,1.5,8165381475.08
supermicro,2,Intel,3,20,40,256,25,K20,0.71,13,192,4.8,2,1.25,3.5,2,6.1,20000,8000,1.75,8165137708.14
supermicro,2,Intel,3,20,40,256,25,K20,0.71,13,192,4.8,2,1.25,3.5,2,6.1,20000,8000,2,8165300415.08
supermicro,2,Intel,3,20,40,256,25,K20,0.71,13,192,4.8,2,1.25,3.5,2,6.1,21000,1000,0.25,4952763423.22
supermicro,2,Intel,3,20,40,256,25,K20,0.71,13,192,4.8,2,1.25,3.5,2,6.1,21000,1000,0.5,4895688311.89
supermicro,2,Intel,3,20,40,256,25,K20,0.71,13,192,4.8,2,1.25,3.5,2,6.1,21000,1000,1,4932122072.56
supermicro,2,Intel,3,20,40,256,25,K20,0.71,13,192,4.8,2,1.25,3.5,2,6.1,21000,1000,1.25,4937731683.75
supermicro,2,Intel,3,20,40,256,25,K20,0.71,13,192,4.8,2,1.25,3.5,2,6.1,21000,1000,1.5,4920530042.39
supermicro,2,Intel,3,20,40,256,25,K20,0.71,13,192,4.8,2,1.25,3.5,2,6.1,21000,1000,1.75,4959796680.17
supermicro,2,Intel,3,20,40,256,25,K20,0.71,13,192,4.8,2,1.25,3.5,2,6.1,21000,1000,2,4975010096.50
supermicro,2,Intel,3,20,40,256,25,K20,0.71,13,192,4.8,2,1.25,3.5,2,6.1,21000,2000,0.25,5314948411.33
supermicro,2,Intel,3,20,40,256,25,K20,0.71,13,192,4.8,2,1.25,3.5,2,6.1,21000,2000,0.5,5314985864.83
supermicro,2,Intel,3,20,40,256,25,K20,0.71,13,192,4.8,2,1.25,3.5,2,6.1,21000,2000,1,5318520268.31
supermicro,2,Intel,3,20,40,256,25,K20,0.71,13,192,4.8,2,1.25,3.5,2,6.1,21000,2000,1.25,5279051039.36
supermicro,2,Intel,3,20,40,256,25,K20,0.71,13,192,4.8,2,1.25,3.5,2,6.1,21000,2000,1.5,5300899244.00
supermicro,2,Intel,3,20,40,256,25,K20,0.71,13,192,4.8,2,1.25,3.5,2,6.1,21000,2000,1.75,5314250182.00
supermicro,2,Intel,3,20,40,256,25,K20,0.71,13,192,4.8,2,1.25,3.5,2,6.1,21000,2000,2,5342364505.67
supermicro,2,Intel,3,20,40,256,25,K20,0.71,13,192,4.8,2,1.25,3.5,2,6.1,21000,4000,0.25,4821769515.17
supermicro,2,Intel,3,20,40,256,25,K20,0.71,13,192,4.8,2,1.25,3.5,2,6.1,21000,4000,0.5,4795352978.47
supermicro,2,Intel,3,20,40,256,25,K20,0.71,13,192,4.8,2,1.25,3.5,2,6.1,21000,4000,1,4834911126.06
supermicro,2,Intel,3,20,40,256,25,K20,0.71,13,192,4.8,2,1.25,3.5,2,6.1,21000,4000,1.25,4811194748.64
supermicro,2,Intel,3,20,40,256,25,K20,0.71,13,192,4.8,2,1.25,3.5,2,6.1,21000,4000,1.5,4818821039.33
supermicro,2,Intel,3,20,40,256,25,K20,0.71,13,192,4.8,2,1.25,3.5,2,6.1,21000,4000,1.75,4829887435.81
supermicro,2,Intel,3,20,40,256,25,K20,0.71,13,192,4.8,2,1.25,3.5,2,6.1,21000,4000,2,4818612437.97
supermicro,2,Intel,3,20,40,256,25,K20,0.71,13,192,4.8,2,1.25,3.5,2,6.1,21000,6000,0.25,6744344775.64
supermicro,2,Intel,3,20,40,256,25,K20,0.71,13,192,4.8,2,1.25,3.5,2,6.1,21000,6000,0.5,6724250365.36
supermicro,2,Intel,3,20,40,256,25,K20,0.71,13,192,4.8,2,1.25,3.5,2,6.1,21000,6000,1,6741167962.19
supermicro,2,Intel,3,20,40,256,25,K20,0.71,13,192,4.8,2,1.25,3.5,2,6.1,21000,6000,1.25,6733840528.83
supermicro,2,Intel,3,20,40,256,25,K20,0.71,13,192,4.8,2,1.25,3.5,2,6.1,21000,6000,1.5,6736829338.81
supermicro,2,Intel,3,20,40,256,25,K20,0.71,13,192,4.8,2,1.25,3.5,2,6.1,21000,6000,1.75,6741351411.50
supermicro,2,Intel,3,20,40,256,25,K20,0.71,13,192,4.8,2,1.25,3.5,2,6.1,21000,6000,2,6733933511.14
supermicro,2,Intel,3,20,40,256,25,K20,0.71,13,192,4.8,2,1.25,3.5,2,6.1,21000,8000,0.25,8580322055.58
supermicro,2,Intel,3,20,40,256,25,K20,0.71,13,192,4.8,2,1.25,3.5,2,6.1,21000,8000,0.5,8582206248.50
supermicro,2,Intel,3,20,40,256,25,K20,0.71,13,192,4.8,2,1.25,3.5,2,6.1,21000,8000,1,8571703166.14
supermicro,2,Intel,3,20,40,256,25,K20,0.71,13,192,4.8,2,1.25,3.5,2,6.1,21000,8000,1.25,8570628373.72
supermicro,2,Intel,3,20,40,256,25,K20,0.71,13,192,4.8,2,1.25,3.5,2,6.1,21000,8000,1.5,8557620567.72
supermicro,2,Intel,3,20,40,256,25,K20,0.71,13,192,4.8,2,1.25,3.5,2,6.1,21000,8000,1.75,8586363957.42
supermicro,2,Intel,3,20,40,256,25,K20,0.71,13,192,4.8,2,1.25,3.5,2,6.1,21000,8000,2,8599373799.50
supermicro,2,Intel,3,20,40,256,25,K20,0.71,13,192,4.8,2,1.25,3.5,2,6.1,22000,1000,0.25,5676691817.03
supermicro,2,Intel,3,20,40,256,25,K20,0.71,13,192,4.8,2,1.25,3.5,2,6.1,22000,1000,0.5,5483344721.44
supermicro,2,Intel,3,20,40,256,25,K20,0.71,13,192,4.8,2,1.25,3.5,2,6.1,22000,1000,1,5384563634.81
supermicro,2,Intel,3,20,40,256,25,K20,0.71,13,192,4.8,2,1.25,3.5,2,6.1,22000,1000,1.25,5420018834.44
supermicro,2,Intel,3,20,40,256,25,K20,0.71,13,192,4.8,2,1.25,3.5,2,6.1,22000,1000,1.5,5330643538.28
supermicro,2,Intel,3,20,40,256,25,K20,0.71,13,192,4.8,2,1.25,3.5,2,6.1,22000,1000,1.75,5326828609.69
supermicro,2,Intel,3,20,40,256,25,K20,0.71,13,192,4.8,2,1.25,3.5,2,6.1,22000,1000,2,5367131479.44
supermicro,2,Intel,3,20,40,256,25,K20,0.71,13,192,4.8,2,1.25,3.5,2,6.1,22000,2000,0.25,5603031364.92
supermicro,2,Intel,3,20,40,256,25,K20,0.71,13,192,4.8,2,1.25,3.5,2,6.1,22000,2000,0.5,5618637073.42
supermicro,2,Intel,3,20,40,256,25,K20,0.71,13,192,4.8,2,1.25,3.5,2,6.1,22000,2000,1,5603236740.47
supermicro,2,Intel,3,20,40,256,25,K20,0.71,13,192,4.8,2,1.25,3.5,2,6.1,22000,2000,1.25,5615818217.92
supermicro,2,Intel,3,20,40,256,25,K20,0.71,13,192,4.8,2,1.25,3.5,2,6.1,22000,2000,1.5,5609266661.50
supermicro,2,Intel,3,20,40,256,25,K20,0.71,13,192,4.8,2,1.25,3.5,2,6.1,22000,2000,1.75,5602971178.67
supermicro,2,Intel,3,20,40,256,25,K20,0.71,13,192,4.8,2,1.25,3.5,2,6.1,22000,2000,2,5626562320.19
supermicro,2,Intel,3,20,40,256,25,K20,0.71,13,192,4.8,2,1.25,3.5,2,6.1,22000,4000,0.25,5338732322.72
supermicro,2,Intel,3,20,40,256,25,K20,0.71,13,192,4.8,2,1.25,3.5,2,6.1,22000,4000,0.5,5353112178.67
supermicro,2,Intel,3,20,40,256,25,K20,0.71,13,192,4.8,2,1.25,3.5,2,6.1,22000,4000,1,5321394081.64
supermicro,2,Intel,3,20,40,256,25,K20,0.71,13,192,4.8,2,1.25,3.5,2,6.1,22000,4000,1.25,5286533503.11
supermicro,2,Intel,3,20,40,256,25,K20,0.71,13,192,4.8,2,1.25,3.5,2,6.1,22000,4000,1.5,5242394439.39
supermicro,2,Intel,3,20,40,256,25,K20,0.71,13,192,4.8,2,1.25,3.5,2,6.1,22000,4000,1.75,5267165442.19
supermicro,2,Intel,3,20,40,256,25,K20,0.71,13,192,4.8,2,1.25,3.5,2,6.1,22000,4000,2,5583261680.42
supermicro,2,Intel,3,20,40,256,25,K20,0.71,13,192,4.8,2,1.25,3.5,2,6.1,22000,6000,0.25,7117939356.97
supermicro,2,Intel,3,20,40,256,25,K20,0.71,13,192,4.8,2,1.25,3.5,2,6.1,22000,6000,0.5,7111246103.03
supermicro,2,Intel,3,20,40,256,25,K20,0.71,13,192,4.8,2,1.25,3.5,2,6.1,22000,6000,1,7101759843.25
supermicro,2,Intel,3,20,40,256,25,K20,0.71,13,192,4.8,2,1.25,3.5,2,6.1,22000,6000,1.25,7105983008.72
supermicro,2,Intel,3,20,40,256,25,K20,0.71,13,192,4.8,2,1.25,3.5,2,6.1,22000,6000,1.5,7068150037.78
supermicro,2,Intel,3,20,40,256,25,K20,0.71,13,192,4.8,2,1.25,3.5,2,6.1,22000,6000,1.75,7077410348.11
supermicro,2,Intel,3,20,40,256,25,K20,0.71,13,192,4.8,2,1.25,3.5,2,6.1,22000,6000,2,7103791286.83
supermicro,2,Intel,3,20,40,256,25,K20,0.71,13,192,4.8,2,1.25,3.5,2,6.1,22000,8000,0.25,9022253958.78
supermicro,2,Intel,3,20,40,256,25,K20,0.71,13,192,4.8,2,1.25,3.5,2,6.1,22000,8000,0.5,9051266604.50
supermicro,2,Intel,3,20,40,256,25,K20,0.71,13,192,4.8,2,1.25,3.5,2,6.1,22000,8000,1,9035212796.42
supermicro,2,Intel,3,20,40,256,25,K20,0.71,13,192,4.8,2,1.25,3.5,2,6.1,22000,8000,1.25,9046031787.39
supermicro,2,Intel,3,20,40,256,25,K20,0.71,13,192,4.8,2,1.25,3.5,2,6.1,22000,8000,1.5,9040378842.72
supermicro,2,Intel,3,20,40,256,25,K20,0.71,13,192,4.8,2,1.25,3.5,2,6.1,22000,8000,1.75,9042349777.56
supermicro,2,Intel,3,20,40,256,25,K20,0.71,13,192,4.8,2,1.25,3.5,2,6.1,22000,8000,2,9041207690.67
supermicro,2,Intel,3,20,40,256,25,K20,0.71,13,192,4.8,2,1.25,3.5,2,6.1,23000,1000,0.25,7165411614.00
supermicro,2,Intel,3,20,40,256,25,K20,0.71,13,192,4.8,2,1.25,3.5,2,6.1,23000,1000,0.5,7080409698.08
supermicro,2,Intel,3,20,40,256,25,K20,0.71,13,192,4.8,2,1.25,3.5,2,6.1,23000,1000,1,6856241411.56
supermicro,2,Intel,3,20,40,256,25,K20,0.71,13,192,4.8,2,1.25,3.5,2,6.1,23000,1000,1.25,6830806344.00
supermicro,2,Intel,3,20,40,256,25,K20,0.71,13,192,4.8,2,1.25,3.5,2,6.1,23000,1000,1.5,5945837740.39
supermicro,2,Intel,3,20,40,256,25,K20,0.71,13,192,4.8,2,1.25,3.5,2,6.1,23000,1000,1.75,5878428262.39
supermicro,2,Intel,3,20,40,256,25,K20,0.71,13,192,4.8,2,1.25,3.5,2,6.1,23000,1000,2,7312236989.06
supermicro,2,Intel,3,20,40,256,25,K20,0.71,13,192,4.8,2,1.25,3.5,2,6.1,23000,2000,0.25,5940498564.53
supermicro,2,Intel,3,20,40,256,25,K20,0.71,13,192,4.8,2,1.25,3.5,2,6.1,23000,2000,0.5,5867920211.78
supermicro,2,Intel,3,20,40,256,25,K20,0.71,13,192,4.8,2,1.25,3.5,2,6.1,23000,2000,1,5887195156.00
supermicro,2,Intel,3,20,40,256,25,K20,0.71,13,192,4.8,2,1.25,3.5,2,6.1,23000,2000,1.25,5930831313.64
supermicro,2,Intel,3,20,40,256,25,K20,0.71,13,192,4.8,2,1.25,3.5,2,6.1,23000,2000,1.5,5906916988.64
supermicro,2,Intel,3,20,40,256,25,K20,0.71,13,192,4.8,2,1.25,3.5,2,6.1,23000,2000,1.75,5892436982.56
supermicro,2,Intel,3,20,40,256,25,K20,0.71,13,192,4.8,2,1.25,3.5,2,6.1,23000,2000,2,7150571473.83
supermicro,2,Intel,3,20,40,256,25,K20,0.71,13,192,4.8,2,1.25,3.5,2,6.1,23000,4000,0.25,7446034841.78
supermicro,2,Intel,3,20,40,256,25,K20,0.71,13,192,4.8,2,1.25,3.5,2,6.1,23000,4000,0.5,7293581659.72
supermicro,2,Intel,3,20,40,256,25,K20,0.71,13,192,4.8,2,1.25,3.5,2,6.1,23000,4000,1,7180269615.17
supermicro,2,Intel,3,20,40,256,25,K20,0.71,13,192,4.8,2,1.25,3.5,2,6.1,23000,4000,1.25,6291865470.39
supermicro,2,Intel,3,20,40,256,25,K20,0.71,13,192,4.8,2,1.25,3.5,2,6.1,23000,4000,1.5,6028661468.61
supermicro,2,Intel,3,20,40,256,25,K20,0.71,13,192,4.8,2,1.25,3.5,2,6.1,23000,4000,1.75,6919742658.39
supermicro,2,Intel,3,20,40,256,25,K20,0.71,13,192,4.8,2,1.25,3.5,2,6.1,23000,4000,2,7062921028.61
supermicro,2,Intel,3,20,40,256,25,K20,0.71,13,192,4.8,2,1.25,3.5,2,6.1,23000,6000,0.25,7481815671.47
supermicro,2,Intel,3,20,40,256,25,K20,0.71,13,192,4.8,2,1.25,3.5,2,6.1,23000,6000,0.5,7503795328.31
supermicro,2,Intel,3,20,40,256,25,K20,0.71,13,192,4.8,2,1.25,3.5,2,6.1,23000,6000,1,7468270626.25
supermicro,2,Intel,3,20,40,256,25,K20,0.71,13,192,4.8,2,1.25,3.5,2,6.1,23000,6000,1.25,7464020014.86
supermicro,2,Intel,3,20,40,256,25,K20,0.71,13,192,4.8,2,1.25,3.5,2,6.1,23000,6000,1.5,7495927202.47
supermicro,2,Intel,3,20,40,256,25,K20,0.71,13,192,4.8,2,1.25,3.5,2,6.1,23000,6000,1.75,7498622953.56
supermicro,2,Intel,3,20,40,256,25,K20,0.71,13,192,4.8,2,1.25,3.5,2,6.1,23000,6000,2,7476136542.58
supermicro,2,Intel,3,20,40,256,25,K20,0.71,13,192,4.8,2,1.25,3.5,2,6.1,23000,8000,0.25,9541007648.53
supermicro,2,Intel,3,20,40,256,25,K20,0.71,13,192,4.8,2,1.25,3.5,2,6.1,23000,8000,0.5,9532708991.06
supermicro,2,Intel,3,20,40,256,25,K20,0.71,13,192,4.8,2,1.25,3.5,2,6.1,23000,8000,1,9518106435.39
supermicro,2,Intel,3,20,40,256,25,K20,0.71,13,192,4.8,2,1.25,3.5,2,6.1,23000,8000,1.25,9530640987.19
supermicro,2,Intel,3,20,40,256,25,K20,0.71,13,192,4.8,2,1.25,3.5,2,6.1,23000,8000,1.5,9510588163.72
supermicro,2,Intel,3,20,40,256,25,K20,0.71,13,192,4.8,2,1.25,3.5,2,6.1,23000,8000,1.75,9517459115.31
supermicro,2,Intel,3,20,40,256,25,K20,0.71,13,192,4.8,2,1.25,3.5,2,6.1,23000,8000,2,9473986114.58
supermicro,2,Intel,3,20,40,256,25,K20,0.71,13,192,4.8,2,1.25,3.5,2,6.1,24000,1000,0.25,7769987259.86
supermicro,2,Intel,3,20,40,256,25,K20,0.71,13,192,4.8,2,1.25,3.5,2,6.1,24000,1000,0.5,6711175249.25
supermicro,2,Intel,3,20,40,256,25,K20,0.71,13,192,4.8,2,1.25,3.5,2,6.1,24000,1000,1,7798243762.36
supermicro,2,Intel,3,20,40,256,25,K20,0.71,13,192,4.8,2,1.25,3.5,2,6.1,24000,1000,1.25,7777125472.92
supermicro,2,Intel,3,20,40,256,25,K20,0.71,13,192,4.8,2,1.25,3.5,2,6.1,24000,1000,1.5,7065983448.39
supermicro,2,Intel,3,20,40,256,25,K20,0.71,13,192,4.8,2,1.25,3.5,2,6.1,24000,1000,1.75,7792354202.22
supermicro,2,Intel,3,20,40,256,25,K20,0.71,13,192,4.8,2,1.25,3.5,2,6.1,24000,1000,2,6475179023.78
supermicro,2,Intel,3,20,40,256,25,K20,0.71,13,192,4.8,2,1.25,3.5,2,6.1,24000,2000,0.25,7778465113.64
supermicro,2,Intel,3,20,40,256,25,K20,0.71,13,192,4.8,2,1.25,3.5,2,6.1,24000,2000,0.5,6498394584.89
supermicro,2,Intel,3,20,40,256,25,K20,0.71,13,192,4.8,2,1.25,3.5,2,6.1,24000,2000,1,6448324493.03
supermicro,2,Intel,3,20,40,256,25,K20,0.71,13,192,4.8,2,1.25,3.5,2,6.1,24000,2000,1.25,6418157923.72
supermicro,2,Intel,3,20,40,256,25,K20,0.71,13,192,4.8,2,1.25,3.5,2,6.1,24000,2000,1.5,6432343724.61
supermicro,2,Intel,3,20,40,256,25,K20,0.71,13,192,4.8,2,1.25,3.5,2,6.1,24000,2000,1.75,6430669678.92
supermicro,2,Intel,3,20,40,256,25,K20,0.71,13,192,4.8,2,1.25,3.5,2,6.1,24000,2000,2,7993663680.89
supermicro,2,Intel,3,20,40,256,25,K20,0.71,13,192,4.8,2,1.25,3.5,2,6.1,24000,4000,0.25,8468106166.61
supermicro,2,Intel,3,20,40,256,25,K20,0.71,13,192,4.8,2,1.25,3.5,2,6.1,24000,4000,0.5,6510932923.39
supermicro,2,Intel,3,20,40,256,25,K20,0.71,13,192,4.8,2,1.25,3.5,2,6.1,24000,4000,1,7917611101.42
supermicro,2,Intel,3,20,40,256,25,K20,0.71,13,192,4.8,2,1.25,3.5,2,6.1,24000,4000,1.25,7805270221.08
supermicro,2,Intel,3,20,40,256,25,K20,0.71,13,192,4.8,2,1.25,3.5,2,6.1,24000,4000,1.5,7833227384.11
supermicro,2,Intel,3,20,40,256,25,K20,0.71,13,192,4.8,2,1.25,3.5,2,6.1,24000,4000,1.75,8476208318.83
supermicro,2,Intel,3,20,40,256,25,K20,0.71,13,192,4.8,2,1.25,3.5,2,6.1,24000,4000,2,7665347969.72
supermicro,2,Intel,3,20,40,256,25,K20,0.71,13,192,4.8,2,1.25,3.5,2,6.1,24000,6000,0.25,7845917847.00
supermicro,2,Intel,3,20,40,256,25,K20,0.71,13,192,4.8,2,1.25,3.5,2,6.1,24000,6000,0.5,7840645831.17
supermicro,2,Intel,3,20,40,256,25,K20,0.71,13,192,4.8,2,1.25,3.5,2,6.1,24000,6000,1,7877293907.17
supermicro,2,Intel,3,20,40,256,25,K20,0.71,13,192,4.8,2,1.25,3.5,2,6.1,24000,6000,1.25,7867059605.83
supermicro,2,Intel,3,20,40,256,25,K20,0.71,13,192,4.8,2,1.25,3.5,2,6.1,24000,6000,1.5,7876998893.92
supermicro,2,Intel,3,20,40,256,25,K20,0.71,13,192,4.8,2,1.25,3.5,2,6.1,24000,6000,1.75,7864145064.69
supermicro,2,Intel,3,20,40,256,25,K20,0.71,13,192,4.8,2,1.25,3.5,2,6.1,24000,6000,2,7866271761.06
supermicro,2,Intel,3,20,40,256,25,K20,0.71,13,192,4.8,2,1.25,3.5,2,6.1,24000,8000,0.25,9967853815.69
supermicro,2,Intel,3,20,40,256,25,K20,0.71,13,192,4.8,2,1.25,3.5,2,6.1,24000,8000,0.5,9945733761.19
supermicro,2,Intel,3,20,40,256,25,K20,0.71,13,192,4.8,2,1.25,3.5,2,6.1,24000,8000,1,9969744819.58
supermicro,2,Intel,3,20,40,256,25,K20,0.71,13,192,4.8,2,1.25,3.5,2,6.1,24000,8000,1.25,9962558984.06
supermicro,2,Intel,3,20,40,256,25,K20,0.71,13,192,4.8,2,1.25,3.5,2,6.1,24000,8000,1.5,9981155942.11
supermicro,2,Intel,3,20,40,256,25,K20,0.71,13,192,4.8,2,1.25,3.5,2,6.1,24000,8000,1.75,9962704694.03
supermicro,2,Intel,3,20,40,256,25,K20,0.71,13,192,4.8,2,1.25,3.5,2,6.1,24000,8000,2,9982149032.75
supermicro,2,Intel,3,20,40,256,25,K20,0.71,13,192,4.8,2,1.25,3.5,2,6.1,25000,1000,0.25,8146694740.39
supermicro,2,Intel,3,20,40,256,25,K20,0.71,13,192,4.8,2,1.25,3.5,2,6.1,25000,1000,0.5,7966276969.17
supermicro,2,Intel,3,20,40,256,25,K20,0.71,13,192,4.8,2,1.25,3.5,2,6.1,25000,1000,1,7050690669.53
supermicro,2,Intel,3,20,40,256,25,K20,0.71,13,192,4.8,2,1.25,3.5,2,6.1,25000,1000,1.25,7279510239.47
supermicro,2,Intel,3,20,40,256,25,K20,0.71,13,192,4.8,2,1.25,3.5,2,6.1,25000,1000,1.5,8371581462.81
supermicro,2,Intel,3,20,40,256,25,K20,0.71,13,192,4.8,2,1.25,3.5,2,6.1,25000,1000,1.75,8132050593.03
supermicro,2,Intel,3,20,40,256,25,K20,0.71,13,192,4.8,2,1.25,3.5,2,6.1,25000,1000,2,8063361396.36
supermicro,2,Intel,3,20,40,256,25,K20,0.71,13,192,4.8,2,1.25,3.5,2,6.1,25000,2000,0.25,7596221951.22
supermicro,2,Intel,3,20,40,256,25,K20,0.71,13,192,4.8,2,1.25,3.5,2,6.1,25000,2000,0.5,8547825502.75
supermicro,2,Intel,3,20,40,256,25,K20,0.71,13,192,4.8,2,1.25,3.5,2,6.1,25000,2000,1,7690447170.22
supermicro,2,Intel,3,20,40,256,25,K20,0.71,13,192,4.8,2,1.25,3.5,2,6.1,25000,2000,1.25,8798094387.19
supermicro,2,Intel,3,20,40,256,25,K20,0.71,13,192,4.8,2,1.25,3.5,2,6.1,25000,2000,1.5,8481188575.64
supermicro,2,Intel,3,20,40,256,25,K20,0.71,13,192,4.8,2,1.25,3.5,2,6.1,25000,2000,1.75,8725935455.50
supermicro,2,Intel,3,20,40,256,25,K20,0.71,13,192,4.8,2,1.25,3.5,2,6.1,25000,2000,2,8822779442.00
supermicro,2,Intel,3,20,40,256,25,K20,0.71,13,192,4.8,2,1.25,3.5,2,6.1,25000,4000,0.25,9629367591.75
supermicro,2,Intel,3,20,40,256,25,K20,0.71,13,192,4.8,2,1.25,3.5,2,6.1,25000,4000,0.5,7630290208.69
supermicro,2,Intel,3,20,40,256,25,K20,0.71,13,192,4.8,2,1.25,3.5,2,6.1,25000,4000,1,8996272411.33
supermicro,2,Intel,3,20,40,256,25,K20,0.71,13,192,4.8,2,1.25,3.5,2,6.1,25000,4000,1.25,8272183070.78
supermicro,2,Intel,3,20,40,256,25,K20,0.71,13,192,4.8,2,1.25,3.5,2,6.1,25000,4000,1.5,8391593889.44
supermicro,2,Intel,3,20,40,256,25,K20,0.71,13,192,4.8,2,1.25,3.5,2,6.1,25000,4000,1.75,9245722856.11
supermicro,2,Intel,3,20,40,256,25,K20,0.71,13,192,4.8,2,1.25,3.5,2,6.1,25000,4000,2,8783021620.53
supermicro,2,Intel,3,20,40,256,25,K20,0.71,13,192,4.8,2,1.25,3.5,2,6.1,25000,6000,0.25,8243411592.42
supermicro,2,Intel,3,20,40,256,25,K20,0.71,13,192,4.8,2,1.25,3.5,2,6.1,25000,6000,0.5,8238748257.36
supermicro,2,Intel,3,20,40,256,25,K20,0.71,13,192,4.8,2,1.25,3.5,2,6.1,25000,6000,1,8260676612.44
supermicro,2,Intel,3,20,40,256,25,K20,0.71,13,192,4.8,2,1.25,3.5,2,6.1,25000,6000,1.25,8249670117.31
supermicro,2,Intel,3,20,40,256,25,K20,0.71,13,192,4.8,2,1.25,3.5,2,6.1,25000,6000,1.5,8267447423.67
supermicro,2,Intel,3,20,40,256,25,K20,0.71,13,192,4.8,2,1.25,3.5,2,6.1,25000,6000,1.75,8238142483.97
supermicro,2,Intel,3,20,40,256,25,K20,0.71,13,192,4.8,2,1.25,3.5,2,6.1,25000,6000,2,8253449697.28
supermicro,2,Intel,3,20,40,256,25,K20,0.71,13,192,4.8,2,1.25,3.5,2,6.1,25000,8000,0.25,10434823214.47
supermicro,2,Intel,3,20,40,256,25,K20,0.71,13,192,4.8,2,1.25,3.5,2,6.1,25000,8000,0.5,10463806326.44
supermicro,2,Intel,3,20,40,256,25,K20,0.71,13,192,4.8,2,1.25,3.5,2,6.1,25000,8000,1,10478890641.03
supermicro,2,Intel,3,20,40,256,25,K20,0.71,13,192,4.8,2,1.25,3.5,2,6.1,25000,8000,1.25,10448389919.47
supermicro,2,Intel,3,20,40,256,25,K20,0.71,13,192,4.8,2,1.25,3.5,2,6.1,25000,8000,1.5,10441507000.81
supermicro,2,Intel,3,20,40,256,25,K20,0.71,13,192,4.8,2,1.25,3.5,2,6.1,25000,8000,1.75,10433385161.94
supermicro,2,Intel,3,20,40,256,25,K20,0.71,13,192,4.8,2,1.25,3.5,2,6.1,25000,8000,2,10462410985.31
