Server_Name,NumOfSocket,CPU_Type,CPU_Clock(GHz),CPU_Cores,CPU_Threads,CPU_Mem(GB),CPU_L3_Cache(MB),GPU_Type,GPU_Clock(GHz),NumOfSM,SP/SM,GPU_Mem(GB),GPU_L2_Cache(MB),CC,NumOfCE,PCIe,Total_Workload,Initial_GPU_Workload,CPU/GPU_Workload_Ratio,Exe_Time
fatnode,2,Intel,2.6,16,32,64(2x32),20,K20,0.71,13,192,4.8,1.25,3.5,2,x,17000,1000,0.5,4491742704
fatnode,2,Intel,2.6,16,32,64(2x32),20,K20,0.71,13,192,4.8,1.25,3.5,2,x,17000,1000,1,4456592127
fatnode,2,Intel,2.6,16,32,64(2x32),20,K20,0.71,13,192,4.8,1.25,3.5,2,x,17000,1000,1.5,4456996219
fatnode,2,Intel,2.6,16,32,64(2x32),20,K20,0.71,13,192,4.8,1.25,3.5,2,x,17000,1000,2,4499787811
fatnode,2,Intel,2.6,16,32,64(2x32),20,K20,0.71,13,192,4.8,1.25,3.5,2,x,17000,2000,0.5,4755108434
fatnode,2,Intel,2.6,16,32,64(2x32),20,K20,0.71,13,192,4.8,1.25,3.5,2,x,17000,2000,1,4738232419
fatnode,2,Intel,2.6,16,32,64(2x32),20,K20,0.71,13,192,4.8,1.25,3.5,2,x,17000,2000,1.5,4715782300
fatnode,2,Intel,2.6,16,32,64(2x32),20,K20,0.71,13,192,4.8,1.25,3.5,2,x,17000,2000,2,3565713217
fatnode,2,Intel,2.6,16,32,64(2x32),20,K20,0.71,13,192,4.8,1.25,3.5,2,x,17000,4000,0.5,4487683728
fatnode,2,Intel,2.6,16,32,64(2x32),20,K20,0.71,13,192,4.8,1.25,3.5,2,x,17000,4000,1,4467211604
fatnode,2,Intel,2.6,16,32,64(2x32),20,K20,0.71,13,192,4.8,1.25,3.5,2,x,17000,4000,1.5,4469002503
fatnode,2,Intel,2.6,16,32,64(2x32),20,K20,0.71,13,192,4.8,1.25,3.5,2,x,17000,4000,2,4467163566
fatnode,2,Intel,2.6,16,32,64(2x32),20,K20,0.71,13,192,4.8,1.25,3.5,2,x,17000,8000,0.5,7100780318
fatnode,2,Intel,2.6,16,32,64(2x32),20,K20,0.71,13,192,4.8,1.25,3.5,2,x,17000,8000,1,7086843087
fatnode,2,Intel,2.6,16,32,64(2x32),20,K20,0.71,13,192,4.8,1.25,3.5,2,x,17000,8000,1.5,7084824369
fatnode,2,Intel,2.6,16,32,64(2x32),20,K20,0.71,13,192,4.8,1.25,3.5,2,x,17000,8000,2,7082616127
fatnode,2,Intel,2.6,16,32,64(2x32),20,K20,0.71,13,192,4.8,1.25,3.5,2,x,19000,1000,0.5,5244914017
fatnode,2,Intel,2.6,16,32,64(2x32),20,K20,0.71,13,192,4.8,1.25,3.5,2,x,19000,1000,1,5220724531
fatnode,2,Intel,2.6,16,32,64(2x32),20,K20,0.71,13,192,4.8,1.25,3.5,2,x,19000,1000,1.5,5218365530
fatnode,2,Intel,2.6,16,32,64(2x32),20,K20,0.71,13,192,4.8,1.25,3.5,2,x,19000,1000,2,5211629891
fatnode,2,Intel,2.6,16,32,64(2x32),20,K20,0.71,13,192,4.8,1.25,3.5,2,x,19000,2000,0.5,5532813463
fatnode,2,Intel,2.6,16,32,64(2x32),20,K20,0.71,13,192,4.8,1.25,3.5,2,x,19000,2000,1,5509852236
fatnode,2,Intel,2.6,16,32,64(2x32),20,K20,0.71,13,192,4.8,1.25,3.5,2,x,19000,2000,1.5,5520848566
fatnode,2,Intel,2.6,16,32,64(2x32),20,K20,0.71,13,192,4.8,1.25,3.5,2,x,19000,2000,2,5500716766
fatnode,2,Intel,2.6,16,32,64(2x32),20,K20,0.71,13,192,4.8,1.25,3.5,2,x,19000,4000,0.5,5244958849
fatnode,2,Intel,2.6,16,32,64(2x32),20,K20,0.71,13,192,4.8,1.25,3.5,2,x,19000,4000,1,5228561873
fatnode,2,Intel,2.6,16,32,64(2x32),20,K20,0.71,13,192,4.8,1.25,3.5,2,x,19000,4000,1.5,5231899022
fatnode,2,Intel,2.6,16,32,64(2x32),20,K20,0.71,13,192,4.8,1.25,3.5,2,x,19000,4000,2,5233545059
fatnode,2,Intel,2.6,16,32,64(2x32),20,K20,0.71,13,192,4.8,1.25,3.5,2,x,19000,8000,0.5,8181359268
fatnode,2,Intel,2.6,16,32,64(2x32),20,K20,0.71,13,192,4.8,1.25,3.5,2,x,19000,8000,1,8155985484
fatnode,2,Intel,2.6,16,32,64(2x32),20,K20,0.71,13,192,4.8,1.25,3.5,2,x,19000,8000,1.5,8147331036
fatnode,2,Intel,2.6,16,32,64(2x32),20,K20,0.71,13,192,4.8,1.25,3.5,2,x,19000,8000,2,8147144207
fatnode,2,Intel,2.6,16,32,64(2x32),20,K20,0.71,13,192,4.8,1.25,3.5,2,x,21000,1000,0.5,5927998165
fatnode,2,Intel,2.6,16,32,64(2x32),20,K20,0.71,13,192,4.8,1.25,3.5,2,x,21000,1000,1,5988675376
fatnode,2,Intel,2.6,16,32,64(2x32),20,K20,0.71,13,192,4.8,1.25,3.5,2,x,21000,1000,1.5,6023244043
fatnode,2,Intel,2.6,16,32,64(2x32),20,K20,0.71,13,192,4.8,1.25,3.5,2,x,21000,1000,2,6013049721
fatnode,2,Intel,2.6,16,32,64(2x32),20,K20,0.71,13,192,4.8,1.25,3.5,2,x,21000,2000,0.5,6379789086
fatnode,2,Intel,2.6,16,32,64(2x32),20,K20,0.71,13,192,4.8,1.25,3.5,2,x,21000,2000,1,6352784859
fatnode,2,Intel,2.6,16,32,64(2x32),20,K20,0.71,13,192,4.8,1.25,3.5,2,x,21000,2000,1.5,6352929105
fatnode,2,Intel,2.6,16,32,64(2x32),20,K20,0.71,13,192,4.8,1.25,3.5,2,x,21000,2000,2,6365080703
fatnode,2,Intel,2.6,16,32,64(2x32),20,K20,0.71,13,192,4.8,1.25,3.5,2,x,21000,4000,0.5,6067024502
fatnode,2,Intel,2.6,16,32,64(2x32),20,K20,0.71,13,192,4.8,1.25,3.5,2,x,21000,4000,1,6061062525
fatnode,2,Intel,2.6,16,32,64(2x32),20,K20,0.71,13,192,4.8,1.25,3.5,2,x,21000,4000,1.5,6079819970
fatnode,2,Intel,2.6,16,32,64(2x32),20,K20,0.71,13,192,4.8,1.25,3.5,2,x,21000,4000,2,6040070390
fatnode,2,Intel,2.6,16,32,64(2x32),20,K20,0.71,13,192,4.8,1.25,3.5,2,x,21000,8000,0.5,9329836232
fatnode,2,Intel,2.6,16,32,64(2x32),20,K20,0.71,13,192,4.8,1.25,3.5,2,x,21000,8000,1,9304935630
fatnode,2,Intel,2.6,16,32,64(2x32),20,K20,0.71,13,192,4.8,1.25,3.5,2,x,21000,8000,1.5,9299555840
fatnode,2,Intel,2.6,16,32,64(2x32),20,K20,0.71,13,192,4.8,1.25,3.5,2,x,21000,8000,2,9271896231
fatnode,2,Intel,2.6,16,32,64(2x32),20,K20,0.71,13,192,4.8,1.25,3.5,2,x,23000,1000,0.5,7986091056
fatnode,2,Intel,2.6,16,32,64(2x32),20,K20,0.71,13,192,4.8,1.25,3.5,2,x,23000,1000,1,6973946055
fatnode,2,Intel,2.6,16,32,64(2x32),20,K20,0.71,13,192,4.8,1.25,3.5,2,x,23000,1000,1.5,6846537855
fatnode,2,Intel,2.6,16,32,64(2x32),20,K20,0.71,13,192,4.8,1.25,3.5,2,x,23000,1000,2,6905010652
fatnode,2,Intel,2.6,16,32,64(2x32),20,K20,0.71,13,192,4.8,1.25,3.5,2,x,23000,2000,0.5,7313830087
fatnode,2,Intel,2.6,16,32,64(2x32),20,K20,0.71,13,192,4.8,1.25,3.5,2,x,23000,2000,1,7276655235
fatnode,2,Intel,2.6,16,32,64(2x32),20,K20,0.71,13,192,4.8,1.25,3.5,2,x,23000,2000,1.5,7282835274
fatnode,2,Intel,2.6,16,32,64(2x32),20,K20,0.71,13,192,4.8,1.25,3.5,2,x,23000,2000,2,7283198702
fatnode,2,Intel,2.6,16,32,64(2x32),20,K20,0.71,13,192,4.8,1.25,3.5,2,x,23000,4000,0.5,6881010890
fatnode,2,Intel,2.6,16,32,64(2x32),20,K20,0.71,13,192,4.8,1.25,3.5,2,x,23000,4000,1,6877701367
fatnode,2,Intel,2.6,16,32,64(2x32),20,K20,0.71,13,192,4.8,1.25,3.5,2,x,23000,4000,1.5,6825329953
fatnode,2,Intel,2.6,16,32,64(2x32),20,K20,0.71,13,192,4.8,1.25,3.5,2,x,23000,4000,2,6857273130
fatnode,2,Intel,2.6,16,32,64(2x32),20,K20,0.71,13,192,4.8,1.25,3.5,2,x,23000,8000,0.5,10507808821
fatnode,2,Intel,2.6,16,32,64(2x32),20,K20,0.71,13,192,4.8,1.25,3.5,2,x,23000,8000,1,10501449722
fatnode,2,Intel,2.6,16,32,64(2x32),20,K20,0.71,13,192,4.8,1.25,3.5,2,x,23000,8000,1.5,10486664522
fatnode,2,Intel,2.6,16,32,64(2x32),20,K20,0.71,13,192,4.8,1.25,3.5,2,x,23000,8000,2,10471960873
fatnode,2,Intel,2.6,16,32,64(2x32),20,K20,0.71,13,192,4.8,1.25,3.5,2,x,25000,1000,0.5,9358648477
fatnode,2,Intel,2.6,16,32,64(2x32),20,K20,0.71,13,192,4.8,1.25,3.5,2,x,25000,1000,1,8484792585
fatnode,2,Intel,2.6,16,32,64(2x32),20,K20,0.71,13,192,4.8,1.25,3.5,2,x,25000,1000,1.5,9661039205
fatnode,2,Intel,2.6,16,32,64(2x32),20,K20,0.71,13,192,4.8,1.25,3.5,2,x,25000,1000,2,9473637178
fatnode,2,Intel,2.6,16,32,64(2x32),20,K20,0.71,13,192,4.8,1.25,3.5,2,x,25000,2000,0.5,8313850261
fatnode,2,Intel,2.6,16,32,64(2x32),20,K20,0.71,13,192,4.8,1.25,3.5,2,x,25000,2000,1,8252074046
fatnode,2,Intel,2.6,16,32,64(2x32),20,K20,0.71,13,192,4.8,1.25,3.5,2,x,25000,2000,1.5,8323086457
fatnode,2,Intel,2.6,16,32,64(2x32),20,K20,0.71,13,192,4.8,1.25,3.5,2,x,25000,2000,2,8251081871
fatnode,2,Intel,2.6,16,32,64(2x32),20,K20,0.71,13,192,4.8,1.25,3.5,2,x,25000,4000,0.5,9262248160
fatnode,2,Intel,2.6,16,32,64(2x32),20,K20,0.71,13,192,4.8,1.25,3.5,2,x,25000,4000,1,9662754819
fatnode,2,Intel,2.6,16,32,64(2x32),20,K20,0.71,13,192,4.8,1.25,3.5,2,x,25000,4000,1.5,9988088968
fatnode,2,Intel,2.6,16,32,64(2x32),20,K20,0.71,13,192,4.8,1.25,3.5,2,x,25000,4000,2,8248665835
fatnode,2,Intel,2.6,16,32,64(2x32),20,K20,0.71,13,192,4.8,1.25,3.5,2,x,25000,8000,0.5,11803078766
fatnode,2,Intel,2.6,16,32,64(2x32),20,K20,0.71,13,192,4.8,1.25,3.5,2,x,25000,8000,1,11754468696
fatnode,2,Intel,2.6,16,32,64(2x32),20,K20,0.71,13,192,4.8,1.25,3.5,2,x,25000,8000,1.5,11757243656
fatnode,2,Intel,2.6,16,32,64(2x32),20,K20,0.71,13,192,4.8,1.25,3.5,2,x,25000,8000,2,11763035622
supermicro,2,Intel,3,20,40,256(2x128),25,K20,0.71,13,192,4.8,1.25,3.5,2,x,17000,1000,0.5,3845658479
supermicro,2,Intel,3,20,40,256(2x128),25,K20,0.71,13,192,4.8,1.25,3.5,2,x,17000,1000,1,3850461134
supermicro,2,Intel,3,20,40,256(2x128),25,K20,0.71,13,192,4.8,1.25,3.5,2,x,17000,1000,1.5,3880159291
supermicro,2,Intel,3,20,40,256(2x128),25,K20,0.71,13,192,4.8,1.25,3.5,2,x,17000,1000,2,3876790466
supermicro,2,Intel,3,20,40,256(2x128),25,K20,0.71,13,192,4.8,1.25,3.5,2,x,17000,2000,0.5,4144434328
supermicro,2,Intel,3,20,40,256(2x128),25,K20,0.71,13,192,4.8,1.25,3.5,2,x,17000,2000,1,4142845728
supermicro,2,Intel,3,20,40,256(2x128),25,K20,0.71,13,192,4.8,1.25,3.5,2,x,17000,2000,1.5,4153482774
supermicro,2,Intel,3,20,40,256(2x128),25,K20,0.71,13,192,4.8,1.25,3.5,2,x,17000,2000,2,2994211254
supermicro,2,Intel,3,20,40,256(2x128),25,K20,0.71,13,192,4.8,1.25,3.5,2,x,17000,4000,0.5,3776611159
supermicro,2,Intel,3,20,40,256(2x128),25,K20,0.71,13,192,4.8,1.25,3.5,2,x,17000,4000,1,3786222304
supermicro,2,Intel,3,20,40,256(2x128),25,K20,0.71,13,192,4.8,1.25,3.5,2,x,17000,4000,1.5,3768475047
supermicro,2,Intel,3,20,40,256(2x128),25,K20,0.71,13,192,4.8,1.25,3.5,2,x,17000,4000,2,3781442442
supermicro,2,Intel,3,20,40,256(2x128),25,K20,0.71,13,192,4.8,1.25,3.5,2,x,17000,8000,0.5,6798279912
supermicro,2,Intel,3,20,40,256(2x128),25,K20,0.71,13,192,4.8,1.25,3.5,2,x,17000,8000,1,6802784226
supermicro,2,Intel,3,20,40,256(2x128),25,K20,0.71,13,192,4.8,1.25,3.5,2,x,17000,8000,1.5,6801742519
supermicro,2,Intel,3,20,40,256(2x128),25,K20,0.71,13,192,4.8,1.25,3.5,2,x,17000,8000,2,6804609606
supermicro,2,Intel,3,20,40,256(2x128),25,K20,0.71,13,192,4.8,1.25,3.5,2,x,19000,1000,0.5,4402667000
supermicro,2,Intel,3,20,40,256(2x128),25,K20,0.71,13,192,4.8,1.25,3.5,2,x,19000,1000,1,4412181955
supermicro,2,Intel,3,20,40,256(2x128),25,K20,0.71,13,192,4.8,1.25,3.5,2,x,19000,1000,1.5,4427513326
supermicro,2,Intel,3,20,40,256(2x128),25,K20,0.71,13,192,4.8,1.25,3.5,2,x,19000,1000,2,4433638463
supermicro,2,Intel,3,20,40,256(2x128),25,K20,0.71,13,192,4.8,1.25,3.5,2,x,19000,2000,0.5,4723921048
supermicro,2,Intel,3,20,40,256(2x128),25,K20,0.71,13,192,4.8,1.25,3.5,2,x,19000,2000,1,4720978780
supermicro,2,Intel,3,20,40,256(2x128),25,K20,0.71,13,192,4.8,1.25,3.5,2,x,19000,2000,1.5,4722093850
supermicro,2,Intel,3,20,40,256(2x128),25,K20,0.71,13,192,4.8,1.25,3.5,2,x,19000,2000,2,4731416895
supermicro,2,Intel,3,20,40,256(2x128),25,K20,0.71,13,192,4.8,1.25,3.5,2,x,19000,4000,0.5,4336351197
supermicro,2,Intel,3,20,40,256(2x128),25,K20,0.71,13,192,4.8,1.25,3.5,2,x,19000,4000,1,4315487386
supermicro,2,Intel,3,20,40,256(2x128),25,K20,0.71,13,192,4.8,1.25,3.5,2,x,19000,4000,1.5,4314012963
supermicro,2,Intel,3,20,40,256(2x128),25,K20,0.71,13,192,4.8,1.25,3.5,2,x,19000,4000,2,4321358519
supermicro,2,Intel,3,20,40,256(2x128),25,K20,0.71,13,192,4.8,1.25,3.5,2,x,19000,8000,0.5,7681593042
supermicro,2,Intel,3,20,40,256(2x128),25,K20,0.71,13,192,4.8,1.25,3.5,2,x,19000,8000,1,7683126474
supermicro,2,Intel,3,20,40,256(2x128),25,K20,0.71,13,192,4.8,1.25,3.5,2,x,19000,8000,1.5,7677572242
supermicro,2,Intel,3,20,40,256(2x128),25,K20,0.71,13,192,4.8,1.25,3.5,2,x,19000,8000,2,7681029503
supermicro,2,Intel,3,20,40,256(2x128),25,K20,0.71,13,192,4.8,1.25,3.5,2,x,21000,1000,0.5,4891854788
supermicro,2,Intel,3,20,40,256(2x128),25,K20,0.71,13,192,4.8,1.25,3.5,2,x,21000,1000,1,4925382348
supermicro,2,Intel,3,20,40,256(2x128),25,K20,0.71,13,192,4.8,1.25,3.5,2,x,21000,1000,1.5,4922771805
supermicro,2,Intel,3,20,40,256(2x128),25,K20,0.71,13,192,4.8,1.25,3.5,2,x,21000,1000,2,4970098519
supermicro,2,Intel,3,20,40,256(2x128),25,K20,0.71,13,192,4.8,1.25,3.5,2,x,21000,2000,0.5,5311193914
supermicro,2,Intel,3,20,40,256(2x128),25,K20,0.71,13,192,4.8,1.25,3.5,2,x,21000,2000,1,5314161582
supermicro,2,Intel,3,20,40,256(2x128),25,K20,0.71,13,192,4.8,1.25,3.5,2,x,21000,2000,1.5,5307789610
supermicro,2,Intel,3,20,40,256(2x128),25,K20,0.71,13,192,4.8,1.25,3.5,2,x,21000,2000,2,5343261792
supermicro,2,Intel,3,20,40,256(2x128),25,K20,0.71,13,192,4.8,1.25,3.5,2,x,21000,4000,0.5,4795991629
supermicro,2,Intel,3,20,40,256(2x128),25,K20,0.71,13,192,4.8,1.25,3.5,2,x,21000,4000,1,4838011705
supermicro,2,Intel,3,20,40,256(2x128),25,K20,0.71,13,192,4.8,1.25,3.5,2,x,21000,4000,1.5,4799325459
supermicro,2,Intel,3,20,40,256(2x128),25,K20,0.71,13,192,4.8,1.25,3.5,2,x,21000,4000,2,4802873580
supermicro,2,Intel,3,20,40,256(2x128),25,K20,0.71,13,192,4.8,1.25,3.5,2,x,21000,8000,0.5,8582511236
supermicro,2,Intel,3,20,40,256(2x128),25,K20,0.71,13,192,4.8,1.25,3.5,2,x,21000,8000,1,8576960896
supermicro,2,Intel,3,20,40,256(2x128),25,K20,0.71,13,192,4.8,1.25,3.5,2,x,21000,8000,1.5,8575816557
supermicro,2,Intel,3,20,40,256(2x128),25,K20,0.71,13,192,4.8,1.25,3.5,2,x,21000,8000,2,8604395537
supermicro,2,Intel,3,20,40,256(2x128),25,K20,0.71,13,192,4.8,1.25,3.5,2,x,23000,1000,0.5,6917201984
supermicro,2,Intel,3,20,40,256(2x128),25,K20,0.71,13,192,4.8,1.25,3.5,2,x,23000,1000,1,6061071686
supermicro,2,Intel,3,20,40,256(2x128),25,K20,0.71,13,192,4.8,1.25,3.5,2,x,23000,1000,1.5,5945463562
supermicro,2,Intel,3,20,40,256(2x128),25,K20,0.71,13,192,4.8,1.25,3.5,2,x,23000,1000,2,7302817755
supermicro,2,Intel,3,20,40,256(2x128),25,K20,0.71,13,192,4.8,1.25,3.5,2,x,23000,2000,0.5,5858973973
supermicro,2,Intel,3,20,40,256(2x128),25,K20,0.71,13,192,4.8,1.25,3.5,2,x,23000,2000,1,5829731504
supermicro,2,Intel,3,20,40,256(2x128),25,K20,0.71,13,192,4.8,1.25,3.5,2,x,23000,2000,1.5,5868863191
supermicro,2,Intel,3,20,40,256(2x128),25,K20,0.71,13,192,4.8,1.25,3.5,2,x,23000,2000,2,6777399449
supermicro,2,Intel,3,20,40,256(2x128),25,K20,0.71,13,192,4.8,1.25,3.5,2,x,23000,4000,0.5,7269049401
supermicro,2,Intel,3,20,40,256(2x128),25,K20,0.71,13,192,4.8,1.25,3.5,2,x,23000,4000,1,7157216012
supermicro,2,Intel,3,20,40,256(2x128),25,K20,0.71,13,192,4.8,1.25,3.5,2,x,23000,4000,1.5,5961487998
supermicro,2,Intel,3,20,40,256(2x128),25,K20,0.71,13,192,4.8,1.25,3.5,2,x,23000,4000,2,7069497423
supermicro,2,Intel,3,20,40,256(2x128),25,K20,0.71,13,192,4.8,1.25,3.5,2,x,23000,8000,0.5,9532260869
supermicro,2,Intel,3,20,40,256(2x128),25,K20,0.71,13,192,4.8,1.25,3.5,2,x,23000,8000,1,9529672537
supermicro,2,Intel,3,20,40,256(2x128),25,K20,0.71,13,192,4.8,1.25,3.5,2,x,23000,8000,1.5,9532712834
supermicro,2,Intel,3,20,40,256(2x128),25,K20,0.71,13,192,4.8,1.25,3.5,2,x,23000,8000,2,9529773441
supermicro,2,Intel,3,20,40,256(2x128),25,K20,0.71,13,192,4.8,1.25,3.5,2,x,25000,1000,0.5,7958663512
supermicro,2,Intel,3,20,40,256(2x128),25,K20,0.71,13,192,4.8,1.25,3.5,2,x,25000,1000,1,7157031061
supermicro,2,Intel,3,20,40,256(2x128),25,K20,0.71,13,192,4.8,1.25,3.5,2,x,25000,1000,1.5,8368527922
supermicro,2,Intel,3,20,40,256(2x128),25,K20,0.71,13,192,4.8,1.25,3.5,2,x,25000,1000,2,8108810945
supermicro,2,Intel,3,20,40,256(2x128),25,K20,0.71,13,192,4.8,1.25,3.5,2,x,25000,2000,0.5,8570618601
supermicro,2,Intel,3,20,40,256(2x128),25,K20,0.71,13,192,4.8,1.25,3.5,2,x,25000,2000,1,7721051455
supermicro,2,Intel,3,20,40,256(2x128),25,K20,0.71,13,192,4.8,1.25,3.5,2,x,25000,2000,1.5,8535099403
supermicro,2,Intel,3,20,40,256(2x128),25,K20,0.71,13,192,4.8,1.25,3.5,2,x,25000,2000,2,8836758603
supermicro,2,Intel,3,20,40,256(2x128),25,K20,0.71,13,192,4.8,1.25,3.5,2,x,25000,4000,0.5,7660335578
supermicro,2,Intel,3,20,40,256(2x128),25,K20,0.71,13,192,4.8,1.25,3.5,2,x,25000,4000,1,9283247494
supermicro,2,Intel,3,20,40,256(2x128),25,K20,0.71,13,192,4.8,1.25,3.5,2,x,25000,4000,1.5,8401637430
supermicro,2,Intel,3,20,40,256(2x128),25,K20,0.71,13,192,4.8,1.25,3.5,2,x,25000,4000,2,8775362688
supermicro,2,Intel,3,20,40,256(2x128),25,K20,0.71,13,192,4.8,1.25,3.5,2,x,25000,8000,0.5,10468365553
supermicro,2,Intel,3,20,40,256(2x128),25,K20,0.71,13,192,4.8,1.25,3.5,2,x,25000,8000,1,10475010847
supermicro,2,Intel,3,20,40,256(2x128),25,K20,0.71,13,192,4.8,1.25,3.5,2,x,25000,8000,1.5,10472174048
supermicro,2,Intel,3,20,40,256(2x128),25,K20,0.71,13,192,4.8,1.25,3.5,2,x,25000,8000,2,10465344635
debian,1,Intel,3.4,6,12,31,12,Titan,0.88,14,192,6,1.5,3.5,2,11.5,17000,1000,0.5,5864843674
debian,1,Intel,3.4,6,12,31,12,Titan,0.88,14,192,6,1.5,3.5,2,11.5,17000,1000,1,5972847352
debian,1,Intel,3.4,6,12,31,12,Titan,0.88,14,192,6,1.5,3.5,2,11.5,17000,1000,1.5,6048233082
debian,1,Intel,3.4,6,12,31,12,Titan,0.88,14,192,6,1.5,3.5,2,11.5,17000,1000,2,5862222894
debian,1,Intel,3.4,6,12,31,12,Titan,0.88,14,192,6,1.5,3.5,2,11.5,17000,2000,0.5,6165176231
debian,1,Intel,3.4,6,12,31,12,Titan,0.88,14,192,6,1.5,3.5,2,11.5,17000,2000,1,5845726721
debian,1,Intel,3.4,6,12,31,12,Titan,0.88,14,192,6,1.5,3.5,2,11.5,17000,2000,1.5,6251910143
debian,1,Intel,3.4,6,12,31,12,Titan,0.88,14,192,6,1.5,3.5,2,11.5,17000,2000,2,6164513594
debian,1,Intel,3.4,6,12,31,12,Titan,0.88,14,192,6,1.5,3.5,2,11.5,17000,4000,0.5,7025058066
debian,1,Intel,3.4,6,12,31,12,Titan,0.88,14,192,6,1.5,3.5,2,11.5,17000,4000,1,6554956563
debian,1,Intel,3.4,6,12,31,12,Titan,0.88,14,192,6,1.5,3.5,2,11.5,17000,4000,1.5,6542848624
debian,1,Intel,3.4,6,12,31,12,Titan,0.88,14,192,6,1.5,3.5,2,11.5,17000,4000,2,7027891976
debian,1,Intel,3.4,6,12,31,12,Titan,0.88,14,192,6,1.5,3.5,2,11.5,17000,8000,0.5,6504957187
debian,1,Intel,3.4,6,12,31,12,Titan,0.88,14,192,6,1.5,3.5,2,11.5,17000,8000,1,6503544700
debian,1,Intel,3.4,6,12,31,12,Titan,0.88,14,192,6,1.5,3.5,2,11.5,17000,8000,1.5,6506555838
debian,1,Intel,3.4,6,12,31,12,Titan,0.88,14,192,6,1.5,3.5,2,11.5,17000,8000,2,6512570970
debian,1,Intel,3.4,6,12,31,12,Titan,0.88,14,192,6,1.5,3.5,2,11.5,19000,1000,0.5,7321000030
debian,1,Intel,3.4,6,12,31,12,Titan,0.88,14,192,6,1.5,3.5,2,11.5,19000,1000,1,7344716775
debian,1,Intel,3.4,6,12,31,12,Titan,0.88,14,192,6,1.5,3.5,2,11.5,19000,1000,1.5,7384687896
debian,1,Intel,3.4,6,12,31,12,Titan,0.88,14,192,6,1.5,3.5,2,11.5,19000,1000,2,7341789216
debian,1,Intel,3.4,6,12,31,12,Titan,0.88,14,192,6,1.5,3.5,2,11.5,19000,2000,0.5,7320726997
debian,1,Intel,3.4,6,12,31,12,Titan,0.88,14,192,6,1.5,3.5,2,11.5,19000,2000,1,7633194381
debian,1,Intel,3.4,6,12,31,12,Titan,0.88,14,192,6,1.5,3.5,2,11.5,19000,2000,1.5,7708211263
debian,1,Intel,3.4,6,12,31,12,Titan,0.88,14,192,6,1.5,3.5,2,11.5,19000,2000,2,7322897949
debian,1,Intel,3.4,6,12,31,12,Titan,0.88,14,192,6,1.5,3.5,2,11.5,19000,4000,0.5,8076161288
debian,1,Intel,3.4,6,12,31,12,Titan,0.88,14,192,6,1.5,3.5,2,11.5,19000,4000,1,7546383116
debian,1,Intel,3.4,6,12,31,12,Titan,0.88,14,192,6,1.5,3.5,2,11.5,19000,4000,1.5,7596519531
debian,1,Intel,3.4,6,12,31,12,Titan,0.88,14,192,6,1.5,3.5,2,11.5,19000,4000,2,8073596536
debian,1,Intel,3.4,6,12,31,12,Titan,0.88,14,192,6,1.5,3.5,2,11.5,19000,8000,0.5,7506286822
debian,1,Intel,3.4,6,12,31,12,Titan,0.88,14,192,6,1.5,3.5,2,11.5,19000,8000,1,7514549103
debian,1,Intel,3.4,6,12,31,12,Titan,0.88,14,192,6,1.5,3.5,2,11.5,19000,8000,1.5,7509302974
debian,1,Intel,3.4,6,12,31,12,Titan,0.88,14,192,6,1.5,3.5,2,11.5,19000,8000,2,7523458242
debian,1,Intel,3.4,6,12,31,12,Titan,0.88,14,192,6,1.5,3.5,2,11.5,21000,1000,0.5,9095290581
debian,1,Intel,3.4,6,12,31,12,Titan,0.88,14,192,6,1.5,3.5,2,11.5,21000,1000,1,9112335859
debian,1,Intel,3.4,6,12,31,12,Titan,0.88,14,192,6,1.5,3.5,2,11.5,21000,1000,1.5,9120065650
debian,1,Intel,3.4,6,12,31,12,Titan,0.88,14,192,6,1.5,3.5,2,11.5,21000,1000,2,9132955002
debian,1,Intel,3.4,6,12,31,12,Titan,0.88,14,192,6,1.5,3.5,2,11.5,21000,2000,0.5,9098057979
debian,1,Intel,3.4,6,12,31,12,Titan,0.88,14,192,6,1.5,3.5,2,11.5,21000,2000,1,9100557825
debian,1,Intel,3.4,6,12,31,12,Titan,0.88,14,192,6,1.5,3.5,2,11.5,21000,2000,1.5,9424116637
debian,1,Intel,3.4,6,12,31,12,Titan,0.88,14,192,6,1.5,3.5,2,11.5,21000,2000,2,9140092813
debian,1,Intel,3.4,6,12,31,12,Titan,0.88,14,192,6,1.5,3.5,2,11.5,21000,4000,0.5,9190900418
debian,1,Intel,3.4,6,12,31,12,Titan,0.88,14,192,6,1.5,3.5,2,11.5,21000,4000,1,9112049063
debian,1,Intel,3.4,6,12,31,12,Titan,0.88,14,192,6,1.5,3.5,2,11.5,21000,4000,1.5,9187976023
debian,1,Intel,3.4,6,12,31,12,Titan,0.88,14,192,6,1.5,3.5,2,11.5,21000,4000,2,9197194510
debian,1,Intel,3.4,6,12,31,12,Titan,0.88,14,192,6,1.5,3.5,2,11.5,21000,8000,0.5,9091639933
debian,1,Intel,3.4,6,12,31,12,Titan,0.88,14,192,6,1.5,3.5,2,11.5,21000,8000,1,9058239372
debian,1,Intel,3.4,6,12,31,12,Titan,0.88,14,192,6,1.5,3.5,2,11.5,21000,8000,1.5,9296258010
debian,1,Intel,3.4,6,12,31,12,Titan,0.88,14,192,6,1.5,3.5,2,11.5,21000,8000,2,9074509198
debian,1,Intel,3.4,6,12,31,12,Titan,0.88,14,192,6,1.5,3.5,2,11.5,23000,1000,0.5,11428509009
debian,1,Intel,3.4,6,12,31,12,Titan,0.88,14,192,6,1.5,3.5,2,11.5,23000,1000,1,11074659163
debian,1,Intel,3.4,6,12,31,12,Titan,0.88,14,192,6,1.5,3.5,2,11.5,23000,1000,1.5,11082028622
debian,1,Intel,3.4,6,12,31,12,Titan,0.88,14,192,6,1.5,3.5,2,11.5,23000,1000,2,11119730993
debian,1,Intel,3.4,6,12,31,12,Titan,0.88,14,192,6,1.5,3.5,2,11.5,23000,2000,0.5,11076569690
debian,1,Intel,3.4,6,12,31,12,Titan,0.88,14,192,6,1.5,3.5,2,11.5,23000,2000,1,11265757862
debian,1,Intel,3.4,6,12,31,12,Titan,0.88,14,192,6,1.5,3.5,2,11.5,23000,2000,1.5,11046220468
debian,1,Intel,3.4,6,12,31,12,Titan,0.88,14,192,6,1.5,3.5,2,11.5,23000,2000,2,11985589484
debian,1,Intel,3.4,6,12,31,12,Titan,0.88,14,192,6,1.5,3.5,2,11.5,23000,4000,0.5,11470299343
debian,1,Intel,3.4,6,12,31,12,Titan,0.88,14,192,6,1.5,3.5,2,11.5,23000,4000,1,11213111125
debian,1,Intel,3.4,6,12,31,12,Titan,0.88,14,192,6,1.5,3.5,2,11.5,23000,4000,1.5,11093352530
debian,1,Intel,3.4,6,12,31,12,Titan,0.88,14,192,6,1.5,3.5,2,11.5,23000,4000,2,11757161254
debian,1,Intel,3.4,6,12,31,12,Titan,0.88,14,192,6,1.5,3.5,2,11.5,23000,8000,0.5,11162046602
debian,1,Intel,3.4,6,12,31,12,Titan,0.88,14,192,6,1.5,3.5,2,11.5,23000,8000,1,11206826677
debian,1,Intel,3.4,6,12,31,12,Titan,0.88,14,192,6,1.5,3.5,2,11.5,23000,8000,1.5,11425090091
debian,1,Intel,3.4,6,12,31,12,Titan,0.88,14,192,6,1.5,3.5,2,11.5,23000,8000,2,11216623789
debian,1,Intel,3.4,6,12,31,12,Titan,0.88,14,192,6,1.5,3.5,2,11.5,25000,1000,0.5,13282526957
debian,1,Intel,3.4,6,12,31,12,Titan,0.88,14,192,6,1.5,3.5,2,11.5,25000,1000,1,13503155302
debian,1,Intel,3.4,6,12,31,12,Titan,0.88,14,192,6,1.5,3.5,2,11.5,25000,1000,1.5,13283747865
debian,1,Intel,3.4,6,12,31,12,Titan,0.88,14,192,6,1.5,3.5,2,11.5,25000,1000,2,13328796381
debian,1,Intel,3.4,6,12,31,12,Titan,0.88,14,192,6,1.5,3.5,2,11.5,25000,2000,0.5,13358964841
debian,1,Intel,3.4,6,12,31,12,Titan,0.88,14,192,6,1.5,3.5,2,11.5,25000,2000,1,13220498572
debian,1,Intel,3.4,6,12,31,12,Titan,0.88,14,192,6,1.5,3.5,2,11.5,25000,2000,1.5,13355232723
debian,1,Intel,3.4,6,12,31,12,Titan,0.88,14,192,6,1.5,3.5,2,11.5,25000,2000,2,13355906032
debian,1,Intel,3.4,6,12,31,12,Titan,0.88,14,192,6,1.5,3.5,2,11.5,25000,4000,0.5,13215684704
debian,1,Intel,3.4,6,12,31,12,Titan,0.88,14,192,6,1.5,3.5,2,11.5,25000,4000,1,13158962929
debian,1,Intel,3.4,6,12,31,12,Titan,0.88,14,192,6,1.5,3.5,2,11.5,25000,4000,1.5,13606162588
debian,1,Intel,3.4,6,12,31,12,Titan,0.88,14,192,6,1.5,3.5,2,11.5,25000,4000,2,13687006415
debian,1,Intel,3.4,6,12,31,12,Titan,0.88,14,192,6,1.5,3.5,2,11.5,25000,8000,0.5,13113229183
debian,1,Intel,3.4,6,12,31,12,Titan,0.88,14,192,6,1.5,3.5,2,11.5,25000,8000,1,13107849008
debian,1,Intel,3.4,6,12,31,12,Titan,0.88,14,192,6,1.5,3.5,2,11.5,25000,8000,1.5,14009367581
debian,1,Intel,3.4,6,12,31,12,Titan,0.88,14,192,6,1.5,3.5,2,11.5,25000,8000,2,13493854296
hive,1,Intel,3.2,6,12,30,12,GTX680,1.06,8,192,2,0.5,3,1,5.6,17000,1000,0.5,6577308931
hive,1,Intel,3.2,6,12,30,12,GTX680,1.06,8,192,2,0.5,3,1,5.6,17000,1000,1,6559383199
hive,1,Intel,3.2,6,12,30,12,GTX680,1.06,8,192,2,0.5,3,1,5.6,17000,1000,1.5,7112774466
hive,1,Intel,3.2,6,12,30,12,GTX680,1.06,8,192,2,0.5,3,1,5.6,17000,1000,2,6569398439
hive,1,Intel,3.2,6,12,30,12,GTX680,1.06,8,192,2,0.5,3,1,5.6,17000,2000,0.5,6667077289
hive,1,Intel,3.2,6,12,30,12,GTX680,1.06,8,192,2,0.5,3,1,5.6,17000,2000,1,6674780937
hive,1,Intel,3.2,6,12,30,12,GTX680,1.06,8,192,2,0.5,3,1,5.6,17000,2000,1.5,6561035703
hive,1,Intel,3.2,6,12,30,12,GTX680,1.06,8,192,2,0.5,3,1,5.6,17000,2000,2,6553101795
hive,1,Intel,3.2,6,12,30,12,GTX680,1.06,8,192,2,0.5,3,1,5.6,17000,4000,0.5,6723256810
hive,1,Intel,3.2,6,12,30,12,GTX680,1.06,8,192,2,0.5,3,1,5.6,17000,4000,1,6589658395
hive,1,Intel,3.2,6,12,30,12,GTX680,1.06,8,192,2,0.5,3,1,5.6,17000,4000,1.5,7479078124
hive,1,Intel,3.2,6,12,30,12,GTX680,1.06,8,192,2,0.5,3,1,5.6,17000,4000,2,7978911609
hive,1,Intel,3.2,6,12,30,12,GTX680,1.06,8,192,2,0.5,3,1,5.6,17000,8000,0.5,11537727370
hive,1,Intel,3.2,6,12,30,12,GTX680,1.06,8,192,2,0.5,3,1,5.6,17000,8000,1,11536706733
hive,1,Intel,3.2,6,12,30,12,GTX680,1.06,8,192,2,0.5,3,1,5.6,17000,8000,1.5,11532631029
hive,1,Intel,3.2,6,12,30,12,GTX680,1.06,8,192,2,0.5,3,1,5.6,17000,8000,2,11534870820
hive,1,Intel,3.2,6,12,30,12,GTX680,1.06,8,192,2,0.5,3,1,5.6,19000,1000,0.5,9085080978
hive,1,Intel,3.2,6,12,30,12,GTX680,1.06,8,192,2,0.5,3,1,5.6,19000,1000,1,9097600114
hive,1,Intel,3.2,6,12,30,12,GTX680,1.06,8,192,2,0.5,3,1,5.6,19000,1000,1.5,8232899912
hive,1,Intel,3.2,6,12,30,12,GTX680,1.06,8,192,2,0.5,3,1,5.6,19000,1000,2,8291260955
hive,1,Intel,3.2,6,12,30,12,GTX680,1.06,8,192,2,0.5,3,1,5.6,19000,2000,0.5,10030451905
hive,1,Intel,3.2,6,12,30,12,GTX680,1.06,8,192,2,0.5,3,1,5.6,19000,2000,1,9879801909
hive,1,Intel,3.2,6,12,30,12,GTX680,1.06,8,192,2,0.5,3,1,5.6,19000,2000,1.5,10757444870
hive,1,Intel,3.2,6,12,30,12,GTX680,1.06,8,192,2,0.5,3,1,5.6,19000,2000,2,8223122652
hive,1,Intel,3.2,6,12,30,12,GTX680,1.06,8,192,2,0.5,3,1,5.6,19000,4000,0.5,8270331457
hive,1,Intel,3.2,6,12,30,12,GTX680,1.06,8,192,2,0.5,3,1,5.6,19000,4000,1,8220063588
hive,1,Intel,3.2,6,12,30,12,GTX680,1.06,8,192,2,0.5,3,1,5.6,19000,4000,1.5,9636847333
hive,1,Intel,3.2,6,12,30,12,GTX680,1.06,8,192,2,0.5,3,1,5.6,19000,4000,2,9728412352
hive,1,Intel,3.2,6,12,30,12,GTX680,1.06,8,192,2,0.5,3,1,5.6,19000,8000,0.5,12891322094
hive,1,Intel,3.2,6,12,30,12,GTX680,1.06,8,192,2,0.5,3,1,5.6,19000,8000,1,12890470021
hive,1,Intel,3.2,6,12,30,12,GTX680,1.06,8,192,2,0.5,3,1,5.6,19000,8000,1.5,12883623138
hive,1,Intel,3.2,6,12,30,12,GTX680,1.06,8,192,2,0.5,3,1,5.6,19000,8000,2,12889384629
hive,1,Intel,3.2,6,12,30,12,GTX680,1.06,8,192,2,0.5,3,1,5.6,21000,1000,0.5,10234155807
hive,1,Intel,3.2,6,12,30,12,GTX680,1.06,8,192,2,0.5,3,1,5.6,21000,1000,1,10244981201
hive,1,Intel,3.2,6,12,30,12,GTX680,1.06,8,192,2,0.5,3,1,5.6,21000,1000,1.5,11465292384
hive,1,Intel,3.2,6,12,30,12,GTX680,1.06,8,192,2,0.5,3,1,5.6,21000,1000,2,10309779687
hive,1,Intel,3.2,6,12,30,12,GTX680,1.06,8,192,2,0.5,3,1,5.6,21000,2000,0.5,13347959960
hive,1,Intel,3.2,6,12,30,12,GTX680,1.06,8,192,2,0.5,3,1,5.6,21000,2000,1,11356780337
hive,1,Intel,3.2,6,12,30,12,GTX680,1.06,8,192,2,0.5,3,1,5.6,21000,2000,1.5,10179634960
hive,1,Intel,3.2,6,12,30,12,GTX680,1.06,8,192,2,0.5,3,1,5.6,21000,2000,2,11156367247
hive,1,Intel,3.2,6,12,30,12,GTX680,1.06,8,192,2,0.5,3,1,5.6,21000,4000,0.5,10140085030
hive,1,Intel,3.2,6,12,30,12,GTX680,1.06,8,192,2,0.5,3,1,5.6,21000,4000,1,10521583136
hive,1,Intel,3.2,6,12,30,12,GTX680,1.06,8,192,2,0.5,3,1,5.6,21000,4000,1.5,12210929341
hive,1,Intel,3.2,6,12,30,12,GTX680,1.06,8,192,2,0.5,3,1,5.6,21000,4000,2,11640703743
hive,1,Intel,3.2,6,12,30,12,GTX680,1.06,8,192,2,0.5,3,1,5.6,21000,8000,0.5,14257574844
hive,1,Intel,3.2,6,12,30,12,GTX680,1.06,8,192,2,0.5,3,1,5.6,21000,8000,1,14236895766
hive,1,Intel,3.2,6,12,30,12,GTX680,1.06,8,192,2,0.5,3,1,5.6,21000,8000,1.5,14214396992
hive,1,Intel,3.2,6,12,30,12,GTX680,1.06,8,192,2,0.5,3,1,5.6,21000,8000,2,14239697087
hive,1,Intel,3.2,6,12,30,12,GTX680,1.06,8,192,2,0.5,3,1,5.6,23000,1000,0.5,14420452218
hive,1,Intel,3.2,6,12,30,12,GTX680,1.06,8,192,2,0.5,3,1,5.6,23000,1000,1,13608001430
hive,1,Intel,3.2,6,12,30,12,GTX680,1.06,8,192,2,0.5,3,1,5.6,23000,1000,1.5,13289049940
hive,1,Intel,3.2,6,12,30,12,GTX680,1.06,8,192,2,0.5,3,1,5.6,23000,1000,2,12827731487
hive,1,Intel,3.2,6,12,30,12,GTX680,1.06,8,192,2,0.5,3,1,5.6,23000,2000,0.5,14656983489
hive,1,Intel,3.2,6,12,30,12,GTX680,1.06,8,192,2,0.5,3,1,5.6,23000,2000,1,14648997536
hive,1,Intel,3.2,6,12,30,12,GTX680,1.06,8,192,2,0.5,3,1,5.6,23000,2000,1.5,12970977978
hive,1,Intel,3.2,6,12,30,12,GTX680,1.06,8,192,2,0.5,3,1,5.6,23000,2000,2,12356828552
hive,1,Intel,3.2,6,12,30,12,GTX680,1.06,8,192,2,0.5,3,1,5.6,23000,4000,0.5,13952902365
hive,1,Intel,3.2,6,12,30,12,GTX680,1.06,8,192,2,0.5,3,1,5.6,23000,4000,1,14246939577
hive,1,Intel,3.2,6,12,30,12,GTX680,1.06,8,192,2,0.5,3,1,5.6,23000,4000,1.5,15815915407
hive,1,Intel,3.2,6,12,30,12,GTX680,1.06,8,192,2,0.5,3,1,5.6,23000,4000,2,12445858290
hive,1,Intel,3.2,6,12,30,12,GTX680,1.06,8,192,2,0.5,3,1,5.6,23000,8000,0.5,15617250719
hive,1,Intel,3.2,6,12,30,12,GTX680,1.06,8,192,2,0.5,3,1,5.6,23000,8000,1,15614408654
hive,1,Intel,3.2,6,12,30,12,GTX680,1.06,8,192,2,0.5,3,1,5.6,23000,8000,1.5,15621779519
hive,1,Intel,3.2,6,12,30,12,GTX680,1.06,8,192,2,0.5,3,1,5.6,23000,8000,2,15625279509
hive,1,Intel,3.2,6,12,30,12,GTX680,1.06,8,192,2,0.5,3,1,5.6,25000,1000,0.5,16676875468
hive,1,Intel,3.2,6,12,30,12,GTX680,1.06,8,192,2,0.5,3,1,5.6,25000,1000,1,16673151561
hive,1,Intel,3.2,6,12,30,12,GTX680,1.06,8,192,2,0.5,3,1,5.6,25000,1000,1.5,15020835347
hive,1,Intel,3.2,6,12,30,12,GTX680,1.06,8,192,2,0.5,3,1,5.6,25000,1000,2,15046715542
hive,1,Intel,3.2,6,12,30,12,GTX680,1.06,8,192,2,0.5,3,1,5.6,25000,2000,0.5,15941524725
hive,1,Intel,3.2,6,12,30,12,GTX680,1.06,8,192,2,0.5,3,1,5.6,25000,2000,1,15954460365
hive,1,Intel,3.2,6,12,30,12,GTX680,1.06,8,192,2,0.5,3,1,5.6,25000,2000,1.5,17423448133
hive,1,Intel,3.2,6,12,30,12,GTX680,1.06,8,192,2,0.5,3,1,5.6,25000,2000,2,16930361313
hive,1,Intel,3.2,6,12,30,12,GTX680,1.06,8,192,2,0.5,3,1,5.6,25000,4000,0.5,18870151209
hive,1,Intel,3.2,6,12,30,12,GTX680,1.06,8,192,2,0.5,3,1,5.6,25000,4000,1,18906405177
hive,1,Intel,3.2,6,12,30,12,GTX680,1.06,8,192,2,0.5,3,1,5.6,25000,4000,1.5,17245176243
hive,1,Intel,3.2,6,12,30,12,GTX680,1.06,8,192,2,0.5,3,1,5.6,25000,4000,2,17447379162
hive,1,Intel,3.2,6,12,30,12,GTX680,1.06,8,192,2,0.5,3,1,5.6,25000,8000,0.5,17027405884
hive,1,Intel,3.2,6,12,30,12,GTX680,1.06,8,192,2,0.5,3,1,5.6,25000,8000,1,17035203450
hive,1,Intel,3.2,6,12,30,12,GTX680,1.06,8,192,2,0.5,3,1,5.6,25000,8000,1.5,17049107552
hive,1,Intel,3.2,6,12,30,12,GTX680,1.06,8,192,2,0.5,3,1,5.6,25000,8000,2,17043904370
ccsl,1,Intel,3.4,4,8,16,8,K20,0.75,15,192,12,1.5,3.5,2,10.3,17000,1000,0.5,11308953223
ccsl,1,Intel,3.4,4,8,16,8,K20,0.75,15,192,12,1.5,3.5,2,10.3,17000,1000,1,11280890571
ccsl,1,Intel,3.4,4,8,16,8,K20,0.75,15,192,12,1.5,3.5,2,10.3,17000,1000,1.5,11562000825
ccsl,1,Intel,3.4,4,8,16,8,K20,0.75,15,192,12,1.5,3.5,2,10.3,17000,1000,2,11156667707
ccsl,1,Intel,3.4,4,8,16,8,K20,0.75,15,192,12,1.5,3.5,2,10.3,17000,2000,0.5,11508087971
ccsl,1,Intel,3.4,4,8,16,8,K20,0.75,15,192,12,1.5,3.5,2,10.3,17000,2000,1,11480988854
ccsl,1,Intel,3.4,4,8,16,8,K20,0.75,15,192,12,1.5,3.5,2,10.3,17000,2000,1.5,11480988854
ccsl,1,Intel,3.4,4,8,16,8,K20,0.75,15,192,12,1.5,3.5,2,10.3,17000,2000,2,11074540339
ccsl,1,Intel,3.4,4,8,16,8,K20,0.75,15,192,12,1.5,3.5,2,10.3,17000,4000,0.5,11345748228
ccsl,1,Intel,3.4,4,8,16,8,K20,0.75,15,192,12,1.5,3.5,2,10.3,17000,4000,1,11386890036
ccsl,1,Intel,3.4,4,8,16,8,K20,0.75,15,192,12,1.5,3.5,2,10.3,17000,4000,1.5,11641117073
ccsl,1,Intel,3.4,4,8,16,8,K20,0.75,15,192,12,1.5,3.5,2,10.3,17000,4000,2,11025515378
ccsl,1,Intel,3.4,4,8,16,8,K20,0.75,15,192,12,1.5,3.5,2,10.3,17000,8000,0.5,12146209902
ccsl,1,Intel,3.4,4,8,16,8,K20,0.75,15,192,12,1.5,3.5,2,10.3,17000,8000,1,12092538013
ccsl,1,Intel,3.4,4,8,16,8,K20,0.75,15,192,12,1.5,3.5,2,10.3,17000,8000,1.5,12577711494
ccsl,1,Intel,3.4,4,8,16,8,K20,0.75,15,192,12,1.5,3.5,2,10.3,17000,8000,2,12353988005
ccsl,1,Intel,3.4,4,8,16,8,K20,0.75,15,192,12,1.5,3.5,2,10.3,19000,1000,0.5,13822940622
ccsl,1,Intel,3.4,4,8,16,8,K20,0.75,15,192,12,1.5,3.5,2,10.3,19000,1000,1,15078581070
ccsl,1,Intel,3.4,4,8,16,8,K20,0.75,15,192,12,1.5,3.5,2,10.3,19000,1000,1.5,14638310700
ccsl,1,Intel,3.4,4,8,16,8,K20,0.75,15,192,12,1.5,3.5,2,10.3,19000,1000,2,14579108543
ccsl,1,Intel,3.4,4,8,16,8,K20,0.75,15,192,12,1.5,3.5,2,10.3,19000,2000,0.5,14128020017
ccsl,1,Intel,3.4,4,8,16,8,K20,0.75,15,192,12,1.5,3.5,2,10.3,19000,2000,1,13581894298
ccsl,1,Intel,3.4,4,8,16,8,K20,0.75,15,192,12,1.5,3.5,2,10.3,19000,2000,1.5,13889092866
ccsl,1,Intel,3.4,4,8,16,8,K20,0.75,15,192,12,1.5,3.5,2,10.3,19000,2000,2,14183616832
ccsl,1,Intel,3.4,4,8,16,8,K20,0.75,15,192,12,1.5,3.5,2,10.3,19000,4000,0.5,14740501590
ccsl,1,Intel,3.4,4,8,16,8,K20,0.75,15,192,12,1.5,3.5,2,10.3,19000,4000,1,14031781290
ccsl,1,Intel,3.4,4,8,16,8,K20,0.75,15,192,12,1.5,3.5,2,10.3,19000,4000,1.5,13909705581
ccsl,1,Intel,3.4,4,8,16,8,K20,0.75,15,192,12,1.5,3.5,2,10.3,19000,4000,2,14518889996
ccsl,1,Intel,3.4,4,8,16,8,K20,0.75,15,192,12,1.5,3.5,2,10.3,19000,8000,0.5,14528725604
ccsl,1,Intel,3.4,4,8,16,8,K20,0.75,15,192,12,1.5,3.5,2,10.3,19000,8000,1,14719734833
ccsl,1,Intel,3.4,4,8,16,8,K20,0.75,15,192,12,1.5,3.5,2,10.3,19000,8000,1.5,15631575711
ccsl,1,Intel,3.4,4,8,16,8,K20,0.75,15,192,12,1.5,3.5,2,10.3,19000,8000,2,15055492835
ccsl,1,Intel,3.4,4,8,16,8,K20,0.75,15,192,12,1.5,3.5,2,10.3,21000,1000,0.5,17654351554
ccsl,1,Intel,3.4,4,8,16,8,K20,0.75,15,192,12,1.5,3.5,2,10.3,21000,1000,1,17731682449
ccsl,1,Intel,3.4,4,8,16,8,K20,0.75,15,192,12,1.5,3.5,2,10.3,21000,1000,1.5,17772642999
ccsl,1,Intel,3.4,4,8,16,8,K20,0.75,15,192,12,1.5,3.5,2,10.3,21000,1000,2,17640142479
ccsl,1,Intel,3.4,4,8,16,8,K20,0.75,15,192,12,1.5,3.5,2,10.3,21000,2000,0.5,17578386255
ccsl,1,Intel,3.4,4,8,16,8,K20,0.75,15,192,12,1.5,3.5,2,10.3,21000,2000,1,16886894682
ccsl,1,Intel,3.4,4,8,16,8,K20,0.75,15,192,12,1.5,3.5,2,10.3,21000,2000,1.5,17082496978
ccsl,1,Intel,3.4,4,8,16,8,K20,0.75,15,192,12,1.5,3.5,2,10.3,21000,2000,2,17863406211
ccsl,1,Intel,3.4,4,8,16,8,K20,0.75,15,192,12,1.5,3.5,2,10.3,21000,4000,0.5,17869793667
ccsl,1,Intel,3.4,4,8,16,8,K20,0.75,15,192,12,1.5,3.5,2,10.3,21000,4000,1,17145072888
ccsl,1,Intel,3.4,4,8,16,8,K20,0.75,15,192,12,1.5,3.5,2,10.3,21000,4000,1.5,17475401664
ccsl,1,Intel,3.4,4,8,16,8,K20,0.75,15,192,12,1.5,3.5,2,10.3,21000,4000,2,17377690878
ccsl,1,Intel,3.4,4,8,16,8,K20,0.75,15,192,12,1.5,3.5,2,10.3,21000,8000,0.5,17661657717
ccsl,1,Intel,3.4,4,8,16,8,K20,0.75,15,192,12,1.5,3.5,2,10.3,21000,8000,1,17371793739
ccsl,1,Intel,3.4,4,8,16,8,K20,0.75,15,192,12,1.5,3.5,2,10.3,21000,8000,1.5,17878657125
ccsl,1,Intel,3.4,4,8,16,8,K20,0.75,15,192,12,1.5,3.5,2,10.3,21000,8000,2,18302758524
ccsl,1,Intel,3.4,4,8,16,8,K20,0.75,15,192,12,1.5,3.5,2,10.3,23000,1000,0.5,20674613133
ccsl,1,Intel,3.4,4,8,16,8,K20,0.75,15,192,12,1.5,3.5,2,10.3,23000,1000,1,20520561083
ccsl,1,Intel,3.4,4,8,16,8,K20,0.75,15,192,12,1.5,3.5,2,10.3,23000,1000,1.5,21915569783
ccsl,1,Intel,3.4,4,8,16,8,K20,0.75,15,192,12,1.5,3.5,2,10.3,23000,1000,2,21783495696
ccsl,1,Intel,3.4,4,8,16,8,K20,0.75,15,192,12,1.5,3.5,2,10.3,23000,2000,0.5,20969454463
ccsl,1,Intel,3.4,4,8,16,8,K20,0.75,15,192,12,1.5,3.5,2,10.3,23000,2000,1,20273333988
ccsl,1,Intel,3.4,4,8,16,8,K20,0.75,15,192,12,1.5,3.5,2,10.3,23000,2000,1.5,21905528598
ccsl,1,Intel,3.4,4,8,16,8,K20,0.75,15,192,12,1.5,3.5,2,10.3,23000,2000,2,21122834255
ccsl,1,Intel,3.4,4,8,16,8,K20,0.75,15,192,12,1.5,3.5,2,10.3,23000,4000,0.5,21237777763
ccsl,1,Intel,3.4,4,8,16,8,K20,0.75,15,192,12,1.5,3.5,2,10.3,23000,4000,1,21759443030
ccsl,1,Intel,3.4,4,8,16,8,K20,0.75,15,192,12,1.5,3.5,2,10.3,23000,4000,1.5,20454879736
ccsl,1,Intel,3.4,4,8,16,8,K20,0.75,15,192,12,1.5,3.5,2,10.3,23000,4000,2,21035499924
ccsl,1,Intel,3.4,4,8,16,8,K20,0.75,15,192,12,1.5,3.5,2,10.3,23000,8000,0.5,20741598510
ccsl,1,Intel,3.4,4,8,16,8,K20,0.75,15,192,12,1.5,3.5,2,10.3,23000,8000,1,20847710994
ccsl,1,Intel,3.4,4,8,16,8,K20,0.75,15,192,12,1.5,3.5,2,10.3,23000,8000,1.5,20999866782
ccsl,1,Intel,3.4,4,8,16,8,K20,0.75,15,192,12,1.5,3.5,2,10.3,23000,8000,2,21101493378
ccsl,1,Intel,3.4,4,8,16,8,K20,0.75,15,192,12,1.5,3.5,2,10.3,25000,1000,0.5,25476027400
ccsl,1,Intel,3.4,4,8,16,8,K20,0.75,15,192,12,1.5,3.5,2,10.3,25000,1000,1,25069199986
ccsl,1,Intel,3.4,4,8,16,8,K20,0.75,15,192,12,1.5,3.5,2,10.3,25000,1000,1.5,24585412689
ccsl,1,Intel,3.4,4,8,16,8,K20,0.75,15,192,12,1.5,3.5,2,10.3,25000,1000,2,24824004859
ccsl,1,Intel,3.4,4,8,16,8,K20,0.75,15,192,12,1.5,3.5,2,10.3,25000,2000,0.5,24968779015
ccsl,1,Intel,3.4,4,8,16,8,K20,0.75,15,192,12,1.5,3.5,2,10.3,25000,2000,1,24471165996
ccsl,1,Intel,3.4,4,8,16,8,K20,0.75,15,192,12,1.5,3.5,2,10.3,25000,2000,1.5,25345308848
ccsl,1,Intel,3.4,4,8,16,8,K20,0.75,15,192,12,1.5,3.5,2,10.3,25000,2000,2,25269060070
ccsl,1,Intel,3.4,4,8,16,8,K20,0.75,15,192,12,1.5,3.5,2,10.3,25000,4000,0.5,24252572527
ccsl,1,Intel,3.4,4,8,16,8,K20,0.75,15,192,12,1.5,3.5,2,10.3,25000,4000,1,24358516017
ccsl,1,Intel,3.4,4,8,16,8,K20,0.75,15,192,12,1.5,3.5,2,10.3,25000,4000,1.5,24960750796
ccsl,1,Intel,3.4,4,8,16,8,K20,0.75,15,192,12,1.5,3.5,2,10.3,25000,4000,2,25971709428
ccsl,1,Intel,3.4,4,8,16,8,K20,0.75,15,192,12,1.5,3.5,2,10.3,25000,8000,0.5,24527773155
ccsl,1,Intel,3.4,4,8,16,8,K20,0.75,15,192,12,1.5,3.5,2,10.3,25000,8000,1,25156240936
ccsl,1,Intel,3.4,4,8,16,8,K20,0.75,15,192,12,1.5,3.5,2,10.3,25000,8000,1.5,25039838480
ccsl,1,Intel,3.4,4,8,16,8,K20,0.75,15,192,12,1.5,3.5,2,10.3,25000,8000,2,24844692390
